,RV_actual,RV_forecast
2016-04-21,5.285423401950513e-05,8.096476408127014e-05
2016-04-22,8.072922492451358e-05,6.60576573527203e-05
2016-04-25,6.615018032214572e-05,7.786146367918902e-05
2016-04-26,5.869506409109005e-05,7.785889405190362e-05
2016-04-27,9.747323108214564e-05,6.657854589562826e-05
2016-04-28,0.0001465823345763,8.354756510801231e-05
2016-04-29,9.49354636700917e-05,0.00010219749335999455
2016-05-02,0.000104971983643,8.74721088728179e-05
2016-05-03,8.462797542712316e-05,0.00015086059325122194
2016-05-04,9.322932475882608e-05,0.00014256176794879934
2016-05-05,0.000171945087101,0.00014255777307237505
2016-05-06,0.0001157076251394,0.00011935724268788214
2016-05-09,9.4510263471692e-05,0.0001089631899063049
2016-05-10,0.0001286391088613,9.779597496177668e-05
2016-05-11,0.0001351417803126,0.00011427434587060746
2016-05-12,0.0001523596039145,0.00013124909789876248
2016-05-13,3.2793535365183516e-05,0.0001139638740517711
2016-05-16,0.0001231298436432,8.890450171719733e-05
2016-05-17,0.0001029839273537,0.00011001637603211897
2016-05-18,0.0001349743953929,0.00010396627673325477
2016-05-19,7.681011938012709e-05,0.00012109001987398915
2016-05-20,0.0001760648287833,8.897241532001548e-05
2016-05-23,7.64855864400628e-05,0.0001146007659021341
2016-05-24,5.028443074957498e-05,9.712747999141713e-05
2016-05-25,5.612715342291293e-05,8.416508304609914e-05
2016-05-26,2.638448316011813e-05,6.776607374898325e-05
2016-05-27,1.849976577056911e-05,5.965259556606339e-05
2016-05-30,5.5796352267937055e-05,6.277251827259897e-05
2016-05-31,7.276680411360176e-05,6.266804635696539e-05
2016-06-01,7.182857555068032e-05,7.992027159216486e-05
2016-06-02,0.0001301422686445,7.689559326027175e-05
2016-06-03,4.8077220532651975e-05,9.619515666305655e-05
2016-06-06,5.437994494407601e-05,7.105686795395113e-05
2016-06-07,5.3049697563391456e-05,6.762602299331567e-05
2016-06-08,5.564130458406076e-05,7.109644329864279e-05
2016-06-09,0.0001253277884836,7.898198933529439e-05
2016-06-10,0.0001143422024297,0.00010681920691330932
2016-06-13,0.0001414033212355,0.0001965665330984163
2016-06-14,8.583610893609849e-05,0.00047378882942988946
2016-06-15,0.0001606533817775,0.00022041390156562416
2016-06-16,0.0001444261578035,0.00023576936210683398
2016-06-17,0.0001540148721645,0.0002143962823926194
2016-06-20,0.0001033818123089,0.00021470684977332668
2016-06-21,8.468976017806533e-05,0.00020345611344981044
2016-06-22,0.0003127041612844,0.00019729331522381693
2016-06-23,0.0062272572807869,0.00019285780227206126
2016-06-24,0.0003338888393461,0.0003803861206650024
2016-06-27,0.0001944522711404,0.0006370721152038456
2016-06-28,0.00012518008458,0.0004465460125060161
2016-06-29,0.0002244528483643,0.0002669982512918383
2016-06-30,0.0001329190567126,0.00027533047282567055
2016-07-01,5.95428722118083e-05,0.00014722268213520698
2016-07-04,9.953972764709518e-05,0.0001037035243741402
2016-07-05,0.0001444011275835,0.00012866053856176973
2016-07-06,0.0001058242641617,0.00014859690159318666
2016-07-07,0.0002152102266698,0.00012982543519554122
2016-07-08,0.0001163844818066,0.00013894165343471021
2016-07-11,8.607745962498945e-05,0.00011575124366622811
2016-07-12,0.000388668271507,0.00010992434369244966
2016-07-13,0.0001100427441462,0.00017690520904019877
2016-07-15,0.0001280119033764,0.00012738995251295024
2016-07-18,9.980837045345352e-05,0.00012064072109620423
2016-07-19,6.670098684778401e-05,0.00011101686894121194
2016-07-20,0.0001169894449479,0.00010129699177355263
2016-07-21,0.0001187004139295,9.676285378026129e-05
2016-07-22,6.900010930245905e-05,9.595096515348051e-05
2016-07-25,8.972933572017637e-05,8.168656846819289e-05
2016-07-26,2.579181904093408e-05,8.185347694807838e-05
2016-07-27,8.528859290513268e-05,6.555988471102409e-05
2016-07-28,6.293501255894337e-05,7.913681227178209e-05
2016-07-29,6.462306055668062e-05,6.286023015582229e-05
2016-08-01,7.760070877525404e-05,7.245278423480355e-05
2016-08-02,0.0001398654159485,7.93222741694879e-05
2016-08-03,8.625829040102548e-05,9.819129136037767e-05
2016-08-04,5.785184154315149e-05,7.938225294280928e-05
2016-08-05,3.406973326692493e-05,6.35735576174728e-05
2016-08-08,3.605884603883981e-05,6.151043598513071e-05
2016-08-09,3.432785991894168e-05,5.314401093785623e-05
2016-08-10,3.9251661079819115e-05,5.847512501717439e-05
2016-08-11,2.968037518591873e-05,5.307118933731539e-05
2016-08-12,2.5394121123613277e-05,5.3035977162140486e-05
2016-08-15,5.963779185506859e-05,5.8606884893688416e-05
2016-08-16,5.736011218866102e-05,6.37498735717837e-05
2016-08-17,2.5329570015884297e-05,6.462112275323994e-05
2016-08-18,6.045134694114589e-05,6.0142982441165456e-05
2016-08-19,0.0001042945784459,6.711825130619672e-05
2016-08-22,5.734398764620082e-05,8.275967433014292e-05
2016-08-23,4.740936069048123e-05,6.053421256795753e-05
2016-08-24,6.05663111083877e-05,5.8420054699035076e-05
2016-08-25,0.00010750574774,6.35468275000374e-05
2016-08-26,5.957542325528995e-05,8.126686303329438e-05
2016-08-29,3.704278133236895e-05,6.037775058205362e-05
2016-08-30,4.454777559691289e-05,5.812307177710446e-05
2016-08-31,7.7816526383221e-05,5.83827257830726e-05
2016-09-01,8.742737229184434e-05,8.161198746993913e-05
2016-09-02,2.5489610935255814e-05,6.715449024293688e-05
2016-09-05,4.1245510140717344e-05,5.29642242013433e-05
2016-09-06,5.893333808257708e-05,5.8513053438557196e-05
2016-09-07,0.000116051764795,5.7533842461945914e-05
2016-09-08,8.133020284784319e-05,7.285538193053557e-05
2016-09-09,0.000109075711622,7.248870611051832e-05
2016-09-12,7.609757110443477e-05,0.0001020413687685588
2016-09-13,7.668175510311387e-05,7.845106729973814e-05
2016-09-14,7.881851653492917e-05,8.494334471921177e-05
2016-09-15,8.220412229148972e-05,7.848263635936594e-05
2016-09-16,2.2915444739787783e-05,7.824762822895815e-05
2016-09-19,3.517531944792515e-05,6.206764784309894e-05
2016-09-20,3.872742570500875e-05,6.199517311938704e-05
2016-09-21,4.5223299312026834e-05,5.6195604012723985e-05
2016-09-22,3.158679523623141e-05,5.2943766341556705e-05
2016-09-23,5.8580203727927945e-05,5.4544037019206065e-05
2016-09-26,8.127748447649537e-05,6.154360306671643e-05
2016-09-27,6.49659942618343e-05,7.5921541408945e-05
2016-09-28,7.056399575983866e-05,7.242189494262335e-05
2016-09-29,0.0002024095074863,7.243183983418458e-05
2016-09-30,1.6830419471148026e-05,0.00012382825961358598
2016-10-03,6.269700555193848e-05,6.446884442183409e-05
2016-10-04,5.231337842680469e-05,6.608424324207278e-05
2016-10-05,5.762678528739786e-05,6.093704610759706e-05
2016-10-06,0.0001022949176314,6.415984620004299e-05
2016-10-07,5.275992008896654e-05,7.902651219107949e-05
2016-10-10,4.291072958397141e-05,5.67327802687739e-05
2016-10-11,6.025666713656674e-05,5.798575952234706e-05
2016-10-12,9.030600004175452e-05,6.203658011153958e-05
2016-10-13,4.458240093709509e-05,7.814062155637402e-05
2016-10-14,4.522190431433646e-05,5.830371436408569e-05
2016-10-17,2.9549970094956813e-05,6.400531530523394e-05
2016-10-18,2.1844203413039433e-05,5.798255081320566e-05
2016-10-19,5.1201121327380054e-05,5.3065991688945935e-05
2016-10-20,2.938618839427886e-05,5.307729683484067e-05
2016-10-21,2.3564824366545496e-05,5.496341135934053e-05
2016-10-24,2.7868643625797673e-05,5.306149934424213e-05
2016-10-25,4.31375196435991e-05,5.5222499260346126e-05
2016-10-26,9.549387738427454e-05,5.6272552896515124e-05
2016-10-27,7.297412296927481e-05,7.69145782843874e-05
2016-10-28,3.9178933291231065e-05,7.033389359010982e-05
2016-10-31,6.599006431558282e-05,6.41366528538932e-05
2016-11-01,4.924686522666302e-05,8.106727932529284e-05
2016-11-02,5.6656382543796486e-05,6.885628658218851e-05
2016-11-03,4.2403793556643425e-05,7.738709129964602e-05
2016-11-04,5.223597600835327e-05,7.428004839276473e-05
2016-11-07,4.001142483515369e-05,7.443628034029253e-05
2016-11-08,0.0003191267473782,7.439907545312853e-05
2016-11-09,0.0001382759214839,0.0001005032923642084
2016-11-10,0.0001064944831087,0.00012126424448909916
2016-11-11,8.141803487188575e-05,0.0001097672141284666
2016-11-14,4.814512643652075e-05,0.00010326931560038769
2016-11-15,8.366170815128343e-05,8.932320109759814e-05
2016-11-16,5.3490124726483866e-05,8.458336127370893e-05
2016-11-17,7.404611289045225e-05,5.8375026628506484e-05
2016-11-18,6.835766280381194e-05,7.490630317827493e-05
2016-11-21,3.968183139019824e-05,7.767807813662544e-05
2016-11-22,5.672608608610435e-05,5.633265521278144e-05
2016-11-23,4.1309365781664005e-05,5.972180746238249e-05
2016-11-24,2.522960856373642e-05,5.809484867396496e-05
2016-11-25,6.265145847991447e-05,5.816375376404471e-05
2016-11-28,7.192650354842568e-05,7.068906137800748e-05
2016-11-29,5.780571989924209e-05,7.753345481035862e-05
2016-11-30,7.125059622545927e-05,6.576511012400419e-05
2016-12-01,5.833261589428571e-05,7.956334831957193e-05
2016-12-02,0.0001544089783838,6.644104653002682e-05
2016-12-05,4.897439243131561e-05,8.93019192670253e-05
2016-12-06,3.6783584731806645e-05,5.347003920190733e-05
2016-12-07,0.0001352840900236,5.329677597007242e-05
2016-12-08,3.2624785140573146e-05,8.29612254609798e-05
2016-12-09,2.611684339313675e-05,5.3321921149681014e-05
2016-12-12,3.3275697920775306e-05,5.343422524075597e-05
2016-12-13,3.180587338217507e-05,5.3284161112170026e-05
2016-12-14,7.423414168817352e-05,5.3291176959421646e-05
2016-12-15,6.603710578005543e-05,6.727342170588884e-05
2016-12-16,1.825063725235017e-05,6.713024476315402e-05
2016-12-19,2.0654182708602712e-05,5.2999430289941494e-05
2016-12-20,1.683012975272209e-05,5.299272023650003e-05
2016-12-21,1.6381117654118938e-05,5.286019414419705e-05
2016-12-22,8.499766671150814e-06,5.294795307395863e-05
2016-12-23,7.4546694505404366e-06,5.2945255833021775e-05
2016-12-27,4.405945835823503e-06,5.2941544898558986e-05
2016-12-28,1.1475006897487983e-05,5.304419439828441e-05
2016-12-29,2.0669685067607912e-05,5.319322791874916e-05
2016-12-30,2.2874100264898497e-05,5.1527527374139784e-05
2017-01-02,2.655706052475812e-05,5.1430266963254394e-05
2017-01-03,1.314050657970631e-05,5.3393618662962766e-05
2017-01-04,3.0025004621430952e-05,5.221669201799798e-05
2017-01-05,2.5466815772097012e-05,5.336083534207509e-05
2017-01-06,2.006193135632779e-05,5.326643945004922e-05
2017-01-09,2.236807353238282e-05,5.328584704116774e-05
2017-01-10,4.47154759194328e-05,5.327645217937719e-05
2017-01-11,3.927697939981465e-05,5.3268209872246744e-05
2017-01-12,1.9266631827716433e-05,5.749791698421772e-05
2017-01-13,2.3835975243256497e-05,5.323341610570115e-05
2017-01-16,4.756202443863202e-05,5.353792277097264e-05
2017-01-17,3.1700352926930103e-05,5.358717764193409e-05
2017-01-18,3.837266974433304e-05,5.358790044897324e-05
2017-01-19,4.284543845050885e-05,5.087692690429642e-05
2017-01-20,5.700072558332059e-05,5.129527684657558e-05
2017-01-23,1.7171771632571203e-05,5.5572831927360675e-05
2017-01-24,2.8813421698987636e-05,5.326001181960661e-05
2017-01-25,1.997137311441027e-05,5.3353578473817915e-05
2017-01-26,2.5150555605911273e-05,5.340746245977852e-05
2017-01-27,4.69161956223433e-05,5.340748764459055e-05
2017-01-30,5.231692346108991e-05,5.771598598290805e-05
2017-01-31,4.604013805654891e-05,5.544066310617229e-05
2017-02-01,3.79121832829478e-05,5.314764910487446e-05
2017-02-02,2.6570220024898408e-05,5.324219086168422e-05
2017-02-03,5.677096620123277e-05,5.339541639132736e-05
2017-02-06,3.107721516066708e-05,5.596320703273632e-05
2017-02-07,5.353707732419721e-05,5.282598839024579e-05
2017-02-08,5.546988065835329e-05,5.129318219893572e-05
2017-02-09,4.047295105039487e-05,5.619744829132501e-05
2017-02-10,2.430227359585371e-05,4.525395001747205e-05
2017-02-13,1.894982943877532e-05,3.2403769088685046e-05
2017-02-14,2.0833425379113273e-05,3.6669000587086075e-05
2017-02-15,2.6961461280319607e-05,8.547886157503347e-05
2017-02-16,5.321891378038487e-05,8.55010985640599e-05
2017-02-17,1.679467391584158e-05,8.553115140688503e-05
2017-02-20,2.4383314196077477e-05,8.558239404829797e-05
2017-02-21,4.312298409329537e-05,3.7767435281561256e-05
2017-02-22,2.112773662281966e-05,1.9951965262639966e-05
2017-02-23,5.1545791122105064e-05,5.523411239866828e-05
2017-02-24,2.6545634015781984e-05,5.528919993690188e-05
2017-02-27,1.9943945727849185e-05,4.1902871142486055e-05
2017-02-28,3.494208224622991e-05,5.320414938578889e-05
2017-03-01,1.4112831612844102e-05,4.0651142239752814e-05
2017-03-02,3.7985212340371485e-05,3.948891486357878e-05
2017-03-03,1.886613959974214e-05,5.308814777789813e-05
2017-03-06,1.8427021494571055e-05,3.937680623656641e-05
2017-03-07,4.597131937680918e-05,5.11771523485608e-05
2017-03-08,3.161861363261382e-05,4.450415518057169e-05
2017-03-09,3.564078372474002e-05,4.349574303597567e-05
2017-03-10,1.1883158796265863e-05,5.510572420994246e-05
2017-03-13,3.3916159902854e-05,5.218273244199108e-05
2017-03-14,1.3638664251739332e-05,4.301552009537535e-05
2017-03-15,3.870016444255315e-05,5.168232742374429e-05
2017-03-16,1.796898019059035e-05,5.221447265448349e-05
2017-03-17,1.4282733725101707e-05,5.219312201670133e-05
2017-03-20,4.239125263816091e-05,5.151173108250623e-05
2017-03-21,3.439041907284899e-05,3.998107979175073e-05
2017-03-22,2.7878114849271735e-05,5.1563230315101674e-05
2017-03-23,2.439930723936556e-05,5.217187057973656e-05
2017-03-24,2.9945847162061342e-05,5.1557846703253416e-05
2017-03-27,1.9019885641017424e-05,4.2528595036217534e-05
2017-03-28,1.8950664280508228e-05,3.924487680176956e-05
2017-03-29,1.0811923059811622e-05,5.1535078662584266e-05
2017-03-30,1.6368210036370732e-05,5.154017418639136e-05
2017-03-31,1.8868545384593437e-05,5.154283320399682e-05
2017-04-03,1.976894103576347e-05,5.190485500490942e-05
2017-04-04,3.275876655025633e-05,5.118513433721375e-05
2017-04-05,3.910731982333982e-05,5.3369511590832174e-05
2017-04-06,3.53847736541602e-05,5.6395585592012426e-05
2017-04-07,1.6144874511018915e-05,9.809892026696317e-05
2017-04-10,5.0567681355513153e-05,6.631835657437818e-05
2017-04-11,3.744633525346484e-05,6.42612342951643e-05
2017-04-12,2.3155715941897975e-05,6.332891665918257e-05
2017-04-13,5.399320880590524e-05,6.579100158216344e-05
2017-04-18,1.677909773545554e-05,8.63176836857141e-05
2017-04-19,3.62127476850111e-05,7.857759246936939e-05
2017-04-20,4.711013407563454e-05,8.012933847065381e-05
2017-04-21,0.000205403234262,7.095062105611583e-05
2017-04-24,1.853256789144964e-05,8.497439607173756e-05
2017-04-25,1.7010850351008658e-05,5.217659980172995e-05
2017-04-26,1.900228072110597e-05,5.218317569532776e-05
2017-04-27,1.6151554446399137e-05,5.267495779061259e-05
2017-04-28,1.6358469455960693e-05,5.238858850224237e-05
2017-05-02,1.1244670969265884e-05,5.2897311303509146e-05
2017-05-03,2.0409099404650663e-05,5.252049664734326e-05
2017-05-04,2.1683446955105707e-05,5.0308486305552814e-05
2017-05-05,3.403612590857198e-05,5.5348029501044124e-05
2017-05-08,1.194087109899749e-05,5.533702853914332e-05
2017-05-09,1.24601746787023e-05,3.727610662695855e-05
2017-05-10,4.579473037957539e-05,5.28871977547789e-05
2017-05-11,1.3002443530359136e-05,5.528373557676444e-05
2017-05-12,1.919204141227865e-05,5.5282003523939194e-05
2017-05-15,1.1290554219389606e-05,5.277631433510978e-05
2017-05-16,6.384647303213813e-05,5.2776846899409424e-05
2017-05-17,7.906991353366045e-05,5.5076312701030094e-05
2017-05-18,1.9473808137729433e-05,6.715379962104287e-05
2017-05-19,2.356533711084669e-05,4.1041012574900975e-05
2017-05-22,3.096253686846668e-05,4.0125165975217334e-05
2017-05-23,1.860856623730263e-05,3.869353159108215e-05
2017-05-24,4.4082733472459915e-05,3.787293121553113e-05
2017-05-25,2.8576184282050095e-05,3.944222169423758e-05
2017-05-26,1.039922188707502e-05,3.854746144736781e-05
2017-05-29,3.835192775416248e-05,3.732736821261075e-05
2017-05-30,5.404550402268219e-05,3.934843142327638e-05
2017-05-31,2.4874423274523083e-05,3.973137296599267e-05
2017-06-01,3.336217902690631e-05,3.869933656885215e-05
2017-06-02,6.487355793989805e-06,4.064165031133808e-05
2017-06-05,3.15835752396375e-05,2.750051164813939e-05
2017-06-06,4.655063649255324e-05,4.184179296049773e-05
2017-06-07,4.937147712846491e-05,4.4456604163407165e-05
2017-06-08,0.0001022375014022,3.984132426010369e-05
2017-06-09,4.663471243399833e-05,7.059554332450904e-05
2017-06-12,1.9736633962186396e-05,4.623880180672211e-05
2017-06-13,3.766437547562441e-05,4.6709635651786405e-05
2017-06-14,8.274575022202202e-05,4.603890556044844e-05
2017-06-15,4.3330028877761585e-05,6.945870841995297e-05
2017-06-16,1.9051965888578955e-05,4.3042120043501675e-05
2017-06-19,2.1772359478377408e-05,4.053499223364116e-05
2017-06-20,7.479231972449483e-05,3.709238649919171e-05
2017-06-21,2.42241740400255e-05,5.821655181690828e-05
2017-06-22,3.827126361188422e-05,3.2381286465808174e-05
2017-06-23,3.3667652702374016e-05,4.267561592730743e-05
2017-06-26,6.410697101048419e-05,3.971178892758344e-05
2017-06-27,7.10975262365564e-05,5.3943756427486297e-05
2017-06-28,9.905321980371133e-05,5.7625287104557865e-05
2017-06-29,4.881729073401705e-05,8.288196142971203e-05
2017-06-30,2.170792637823937e-05,5.4334885517545336e-05
2017-07-03,1.9287662582462854e-05,5.347556174735436e-05
2017-07-04,4.255073452199102e-05,4.125617980010986e-05
2017-07-05,5.45869469542293e-05,4.274206212765939e-05
2017-07-06,2.2377460091003113e-05,4.6393273837089365e-05
2017-07-07,1.812608992087082e-05,4.641335678349585e-05
2017-07-10,2.650808452336868e-05,3.9868277155591146e-05
2017-07-11,2.3636771872437025e-05,4.2717950551168984e-05
2017-07-12,1.386849602413021e-05,3.5157601404544135e-05
2017-07-13,1.786778941188958e-05,3.468200809061846e-05
2017-07-14,2.8927637911574783e-05,3.7896643892644414e-05
2017-07-17,4.4091625330579536e-05,3.714546310340098e-05
2017-07-18,2.3115662818721995e-05,4.0469747087471525e-05
2017-07-19,5.418030547766996e-05,4.182465081901047e-05
2017-07-20,6.803293186802288e-05,4.8888110029860335e-05
2017-07-21,4.9683510447685475e-05,6.483948338992383e-05
2017-07-24,3.600088615360816e-05,4.95603656449496e-05
2017-07-25,3.177810010806245e-05,4.1311382997664675e-05
2017-07-26,3.492301195846472e-05,4.595633852408007e-05
2017-07-27,4.0588502453383545e-05,4.0801405582483666e-05
2017-07-28,2.6385560978659662e-05,4.1724032847221046e-05
2017-07-31,4.415889193357527e-05,3.9065591006334495e-05
2017-08-01,3.598586995287145e-05,4.14952757008109e-05
2017-08-02,3.315801556243873e-05,3.9618608887018956e-05
2017-08-03,4.343033256904247e-05,4.0902876859060014e-05
2017-08-04,2.06312825939723e-05,3.4645483477967945e-05
2017-08-07,2.262823507577872e-05,3.4775957794996836e-05
2017-08-08,6.107283513589853e-05,3.7119436168456185e-05
2017-08-09,5.988385645241327e-05,5.342502313039594e-05
2017-08-10,5.877830247628145e-05,5.859974035946822e-05
2017-08-11,2.5147995203100235e-05,6.253487122504475e-05
2017-08-14,2.3237820902323857e-05,5.543927907060654e-05
2017-08-15,1.315453817611904e-05,4.555981246889809e-05
2017-08-16,4.107457536976707e-05,4.976050726200221e-05
2017-08-17,4.0395079650706016e-05,4.31186156150091e-05
2017-08-18,3.3895738199860614e-05,4.647526996342298e-05
2017-08-21,1.937079092375561e-05,5.687979088194474e-05
2017-08-22,3.671455491672806e-05,4.276044375942319e-05
2017-08-23,2.158086515854648e-05,4.3349028393355464e-05
2017-08-24,3.7845882598587146e-05,4.071092337978797e-05
2017-08-25,3.0305827019303235e-05,4.3303166101922895e-05
2017-08-28,4.914652851018518e-05,4.6822461625076164e-05
2017-08-29,1.886542469182396e-05,5.240174003490607e-05
2017-08-30,1.738688438478452e-05,4.2613270165330774e-05
2017-08-31,3.495914378350692e-05,4.512966551155775e-05
2017-09-01,1.650200010708268e-05,4.002513450943984e-05
2017-09-04,2.7810100792873864e-05,3.9844939557968665e-05
2017-09-05,2.9857378860322623e-05,4.7774092760969445e-05
2017-09-06,4.7739422908937536e-05,4.704699972261624e-05
2017-09-07,3.1281445510674936e-05,5.4845278036223474e-05
2017-09-08,1.6220884403009422e-05,5.484505510948454e-05
2017-09-11,9.073689778792913e-06,3.638262982562161e-05
2017-09-12,1.179935868719896e-05,5.006087519591285e-05
2017-09-13,1.690407796606346e-05,5.2232413582990925e-05
2017-09-14,2.2120382072624876e-05,3.8809356169132775e-05
2017-09-15,1.0700237783076262e-05,3.8808275899821244e-05
2017-09-18,7.536719580153963e-06,3.881162851336543e-05
2017-09-19,1.1075047260128463e-05,5.223535253799589e-05
2017-09-20,1.2609589812302376e-05,3.867587489682085e-05
2017-09-21,1.956989738791618e-05,4.906687804470661e-05
2017-09-22,1.9146724069858056e-05,5.4612739936135006e-05
2017-09-25,9.649609646245706e-06,5.460597624419111e-05
2017-09-26,1.312974915840543e-05,4.8661693363006645e-05
2017-09-27,8.08008085474735e-06,4.8659943887032705e-05
2017-09-28,1.0844998529426068e-05,5.462840839560606e-05
2017-09-29,7.495296980094946e-06,5.465874210778879e-05
2017-10-02,2.8024900380966087e-06,5.465010616639915e-05
2017-10-03,1.3134339304456634e-05,5.4652517922835944e-05
2017-10-04,1.6274031548813513e-05,5.4658648651357254e-05
2017-10-05,1.118594280982778e-05,4.94471130530149e-05
2017-10-06,1.4078964283955952e-05,3.854471685476975e-05
2017-10-09,1.3626315892779357e-05,5.072534748643165e-05
2017-10-10,1.0822238796789684e-05,3.87933283158124e-05
2017-10-11,5.959711371460738e-06,3.241143697669031e-05
2017-10-12,1.178761029901363e-05,3.6762827177065624e-05
2017-10-13,9.333133121326008e-06,3.728383526081621e-05
2017-10-16,7.936607228352465e-06,3.585240112412899e-05
2017-10-17,8.29205698366079e-06,3.6556508135295275e-05
2017-10-18,2.564929687563712e-05,3.580554423539658e-05
2017-10-19,1.2444475789356743e-05,3.565541128685868e-05
2017-10-20,2.360643828490381e-05,3.49317842232204e-05
2017-10-23,1.9546837253318815e-05,3.412061396387938e-05
2017-10-24,2.3371219509815137e-05,3.4549850032522436e-05
2017-10-25,5.028818738577168e-05,3.893709688884303e-05
2017-10-26,3.184337336612633e-05,3.9003558394122464e-05
2017-10-27,1.3004154011015712e-05,3.922521086297098e-05
2017-10-30,6.7903615028324e-06,3.517192697332896e-05
2017-10-31,1.820049398903132e-05,3.858036508071849e-05
2017-11-01,1.5753116194124095e-05,3.407472691130186e-05
2017-11-02,1.4345849209182038e-05,3.266653782880226e-05
2017-11-03,1.6664049101585172e-05,3.4870176852934244e-05
2017-11-06,2.0568510586832976e-05,3.6711355741959004e-05
2017-11-07,2.0850618901290655e-05,3.578668027202411e-05
2017-11-08,5.7735816374290965e-05,3.107017303240676e-05
2017-11-09,2.7926687941847677e-05,4.455642621626541e-05
2017-11-10,5.004595752272141e-05,3.904295119254437e-05
2017-11-13,3.903929222444261e-05,4.0367660540145565e-05
2017-11-14,4.5878432150228624e-05,8.253361752679016e-05
2017-11-15,2.506530576580597e-05,0.00010326850868533164
2017-11-16,3.953010506062659e-05,3.871888724238118e-05
2017-11-17,3.327379855251279e-05,4.115982970266031e-05
2017-11-20,2.805111753702301e-05,3.661598490321739e-05
2017-11-21,2.505871367185381e-05,3.9984313697347147e-05
2017-11-22,3.395275055396958e-05,3.938657503846966e-05
2017-11-23,3.14798017432173e-05,3.5997836854948106e-05
2017-11-24,4.747955856335547e-05,3.985122669406003e-05
2017-11-27,4.4800234725766e-05,4.304056735934203e-05
2017-11-28,3.9476991101029737e-05,4.7226971892007775e-05
2017-11-29,4.897945947700051e-05,4.842515614238965e-05
2017-11-30,0.0001159434049867,4.2684425249894536e-05
2017-12-01,5.697150808102123e-05,7.208573605292048e-05
2017-12-04,4.531089158860107e-05,4.955907213380189e-05
2017-12-05,5.155824220993519e-05,4.3610322573542e-05
2017-12-06,1.9304464642224314e-05,4.9420460418918395e-05
2017-12-07,1.992226216631183e-05,4.602240553663833e-05
2017-12-08,1.3726517548962109e-05,4.5367580737126385e-05
2017-12-11,2.8914634601403132e-05,3.645065991393955e-05
2017-12-12,1.9844920167331977e-05,3.80254082460868e-05
2017-12-13,3.9628438642807265e-05,3.625637444448283e-05
2017-12-14,2.775417252495737e-05,3.927098735181996e-05
2017-12-15,1.987959039147791e-05,3.887756430373921e-05
2017-12-18,1.4416623796899816e-05,3.722253391410587e-05
2017-12-19,4.2580632868133904e-05,3.797578169268664e-05
2017-12-20,1.8851221587761164e-05,3.9607489902672935e-05
2017-12-21,1.583547414133612e-05,3.814153155637588e-05
2017-12-22,2.0012229631968233e-05,3.788370761890414e-05
2017-12-27,1.422436328994864e-05,3.5254849584407184e-05
2017-12-28,9.800507353187277e-06,4.0142872206347006e-05
2017-12-29,4.4088400448724014e-05,4.230018294040684e-05
2018-01-02,2.1585337752521488e-05,4.913832040615188e-05
2018-01-03,2.2557050002693857e-05,4.86276182186912e-05
2018-01-04,3.082188233759079e-05,3.743563854293356e-05
2018-01-05,1.5857054067664033e-05,3.857489757402821e-05
2018-01-08,1.646757113021791e-05,3.7547862627436406e-05
2018-01-09,3.599098669368535e-05,3.736870547995751e-05
2018-01-10,2.734759997759486e-05,4.0186975514110406e-05
2018-01-11,2.12509532689162e-05,4.045216441659899e-05
2018-01-12,1.3719462074169577e-05,3.7871171925795415e-05
2018-01-15,2.372933141160141e-05,3.982361575213495e-05
2018-01-16,2.6127733014874855e-05,3.909794358619368e-05
2018-01-17,2.219378051039422e-05,4.0378738222218874e-05
2018-01-18,3.390961456866584e-05,3.7601157131454605e-05
2018-01-19,1.0901064428177633e-05,4.03692555524566e-05
2018-01-22,2.1720729287460244e-05,3.92864776428623e-05
2018-01-23,1.801676577973702e-05,3.6992661640149686e-05
2018-01-24,4.873638032712796e-05,3.7555333781469324e-05
2018-01-25,1.700028561254189e-05,3.941756749822131e-05
2018-01-26,1.6965407689955327e-05,3.7415272880523984e-05
2018-01-29,3.372560387147237e-05,3.631683666064547e-05
2018-01-30,2.116382897392532e-05,5.9190765344793686e-05
2018-01-31,6.53320995001469e-05,8.86798320634185e-05
2018-02-01,5.88766655666436e-05,6.198312055476056e-05
2018-02-02,6.214194119326138e-05,5.776659157846337e-05
2018-02-05,0.0003926124063844,8.184716611794159e-05
2018-02-06,7.59109023713185e-05,0.00019919653331230695
2018-02-07,0.0001090139747284,0.00010909685447884548
2018-02-08,0.0002362897442452,0.00019418080126935394
2018-02-09,8.261966598001235e-05,0.000289487762648019
2018-02-12,7.185279497070552e-05,0.00013705396995177628
2018-02-13,0.0001564042381885,0.00012137847864427623
2018-02-14,6.827625842097607e-05,0.00012334180476957784
2018-02-15,3.8253500374547373e-05,9.788784573384883e-05
2018-02-16,2.3794247730917973e-05,5.738904148605178e-05
2018-02-19,5.242862852224783e-05,6.222521398903223e-05
2018-02-20,3.757747824527721e-05,6.789100000560316e-05
2018-02-21,5.368696775584182e-05,5.815268217832967e-05
2018-02-22,3.434390345885805e-05,6.999291418822259e-05
2018-02-23,2.404870493846732e-05,5.172404094693866e-05
2018-02-26,3.1377400733174117e-05,4.989155547846348e-05
2018-02-27,3.178242937809068e-05,5.3139735521281157e-05
2018-02-28,7.751416537682468e-05,6.021497645823451e-05
2018-03-01,9.726143530676792e-05,9.681055493221427e-05
2018-03-02,8.428933778539336e-05,9.378657208222175e-05
2018-03-05,6.303115591481528e-05,8.042372440429017e-05
2018-03-06,8.622313452981495e-05,6.774008463426489e-05
2018-03-07,5.9780106193668e-05,7.097355359959939e-05
2018-03-08,5.5331638750624085e-05,5.147927399450433e-05
2018-03-09,3.346257178987647e-05,3.879802287626231e-05
2018-03-12,5.373709479507157e-05,3.976667960184336e-05
2018-03-13,4.930973771142908e-05,4.5065279569398606e-05
2018-03-14,3.7746680027339074e-05,4.8212012216225825e-05
2018-03-15,3.487786609394315e-05,4.284976961670655e-05
2018-03-16,5.6648844459568147e-05,3.5755935335152855e-05
2018-03-19,4.128517228580163e-05,4.596812211999831e-05
2018-03-20,3.691827619434213e-05,4.243175148811052e-05
2018-03-21,0.0001038522362971,4.182599890677599e-05
2018-03-22,0.0001071256394758,7.811531331666833e-05
2018-03-23,9.03633640059643e-05,7.084939789779074e-05
2018-03-26,7.361198192980179e-05,0.0001023014684575867
2018-03-27,0.0001120700299033,8.416836272359347e-05
2018-03-28,4.917999686926577e-05,8.762926798318355e-05
2018-03-29,5.034589235487052e-05,5.607236164039431e-05
2018-04-03,7.837245198598324e-05,0.00013063360113969586
2018-04-04,6.582195064002418e-05,8.81344104692638e-05
2018-04-05,5.151549571321647e-05,6.351812233667924e-05
2018-04-06,4.172884240537425e-05,4.777637440462762e-05
2018-04-09,4.2136249624202105e-05,5.8048092137509316e-05
2018-04-10,3.019063792775107e-05,4.001656046087108e-05
2018-04-11,2.607582384402844e-05,4.638470266985298e-05
2018-04-12,2.110656669843574e-05,4.349085662693727e-05
2018-04-13,1.9030702476537463e-05,4.252379358676987e-05
2018-04-16,1.50369295099973e-05,3.601268912839379e-05
2018-04-17,1.8310470391233824e-05,3.219332965016607e-05
2018-04-18,1.948582278614857e-05,3.821820942610495e-05
2018-04-19,4.1767031448762026e-05,3.457721627365579e-05
2018-04-20,2.0254127086353363e-05,3.833494848763658e-05
2018-04-23,2.9581900431466032e-05,3.0869638572240745e-05
2018-04-24,4.846005660007902e-05,3.8259974062666416e-05
2018-04-25,3.080780501108748e-05,3.830054917861513e-05
2018-04-26,2.6792402754213135e-05,3.61172354532439e-05
2018-04-27,1.5539177231282708e-05,3.679325998641021e-05
2018-04-30,9.275621110634732e-09,2.9829328238634747e-05
2018-05-01,2.058698311909233e-05,4.506391274079268e-05
2018-05-02,2.090397972300683e-05,3.2351293639645635e-05
2018-05-03,2.0476628836107855e-05,3.275614362481451e-05
2018-05-04,1.1850731138627806e-05,3.5482630216903705e-05
2018-05-07,1.9204042209209453e-05,3.437733698437119e-05
2018-05-08,1.484368468816693e-05,2.9753750508478208e-05
2018-05-09,2.1748737242727085e-05,3.7675731894894314e-05
2018-05-10,1.596653894456556e-05,3.4382229227745696e-05
2018-05-11,2.3271830619287186e-05,3.430776242757076e-05
2018-05-14,1.9382148175909942e-05,3.7007236101147225e-05
2018-05-15,2.279220177034974e-05,3.678116593113192e-05
2018-05-16,1.7003955834779334e-05,3.3727227247003324e-05
2018-05-17,3.8621098472674705e-05,3.458655723609817e-05
2018-05-18,6.13976839015375e-06,3.790253156076681e-05
2018-05-21,2.2378918877249515e-05,3.720133569200919e-05
2018-05-22,5.3853529596357193e-05,3.459997265238897e-05
2018-05-23,4.788457231075904e-05,4.4863689584981904e-05
2018-05-24,6.0372619156986766e-05,9.677224316992597e-05
2018-05-25,6.335529606426786e-05,8.74100296175595e-05
2018-05-28,0.0001685907521763,0.00011335264869678179
2018-05-29,7.559845369690493e-05,0.00011827449401718454
2018-05-30,9.615136713522568e-05,7.224511748947138e-05
2018-05-31,4.019470671396663e-05,7.762371476970799e-05
2018-06-01,3.047734505725829e-05,5.065996841949294e-05
2018-06-04,4.715372505899126e-05,4.230999286189557e-05
2018-06-05,4.790081853790201e-05,4.259504425223384e-05
2018-06-06,3.620992005499165e-05,4.0471372356088026e-05
2018-06-07,6.570822798667164e-05,4.3675421289791224e-05
2018-06-08,2.710464455527254e-05,6.901742665873018e-05
2018-06-11,2.772117249111057e-05,4.41827198502359e-05
2018-06-12,2.0318813241130285e-05,4.1029181407374273e-05
2018-06-13,6.182920864139672e-05,3.717355784174079e-05
2018-06-14,3.196456101936912e-05,4.6997705346681166e-05
2018-06-15,4.2267082368562594e-05,4.089309419862654e-05
2018-06-18,8.540712801310702e-05,4.320677480356698e-05
2018-06-19,3.415398686415968e-05,6.982122078320654e-05
2018-06-20,6.379635856675261e-05,4.210250547530962e-05
2018-06-21,4.380722366621224e-05,7.24151874271538e-05
2018-06-22,5.712128604802683e-05,4.290460182762356e-05
2018-06-25,2.524609388001636e-05,6.168340069899385e-05
2018-06-26,9.97961703655002e-05,5.53906942885601e-05
2018-06-27,9.6621540203936e-05,8.100428678623033e-05
2018-06-28,8.17425484279104e-05,7.87735930196117e-05
2018-06-29,9.271664843488663e-05,6.355671229424868e-05
2018-07-02,6.017569442802804e-05,6.769611717999827e-05
2018-07-03,1.2743855118066071e-05,4.7847524772737686e-05
2018-07-04,5.347247344077337e-05,4.49620579911127e-05
2018-07-05,4.4412161121572255e-05,4.349769640049965e-05
2018-07-06,2.059792477144299e-05,3.8077715020818915e-05
2018-07-09,1.997331494334959e-05,3.5114810367485975e-05
2018-07-10,4.312884431732242e-05,3.3467381200057146e-05
2018-07-11,2.645698791827931e-05,4.424214101931487e-05
2018-07-12,1.9892766714051164e-05,4.424947123977663e-05
2018-07-13,1.5097457339043082e-05,3.607423986642031e-05
2018-07-16,3.1790186838866345e-05,4.455921477652383e-05
2018-07-17,1.7959402926439008e-05,4.235925105357179e-05
2018-07-18,2.5901167782967565e-05,3.4084890379351026e-05
2018-07-19,8.474295334236997e-05,3.513024407458643e-05
2018-07-20,2.4981560920818582e-05,5.633158752203976e-05
2018-07-23,3.8096240542104365e-05,3.718833053840891e-05
2018-07-24,2.111429064365352e-05,3.520111114085686e-05
2018-07-25,4.473911317557028e-05,3.962516552037411e-05
2018-07-26,1.5388395844475768e-05,3.749339273003316e-05
2018-07-27,1.2480516393254056e-05,3.519237427637238e-05
2018-07-30,2.8411450871044336e-05,3.403850163754298e-05
2018-07-31,1.989846832476955e-05,3.6431723321605876e-05
2018-08-01,4.470526983531928e-05,3.810181693624606e-05
2018-08-02,2.3915221640144132e-05,4.14336092373149e-05
2018-08-03,4.24710319479736e-05,3.5469852839245997e-05
2018-08-06,1.6113968642646175e-05,4.069596345825034e-05
2018-08-07,2.042303864764775e-05,3.5123631300709736e-05
2018-08-08,2.598326869741113e-05,3.504025289562152e-05
2018-08-09,6.450009501113692e-05,3.4061303691365476e-05
2018-08-10,4.72855173476523e-05,6.312352851792769e-05
2018-08-13,3.423579506021016e-05,4.561354308202118e-05
2018-08-14,6.116587598196747e-05,4.837574680260532e-05
2018-08-15,2.813489248958659e-05,5.50101465142301e-05
2018-08-16,3.564985467123056e-05,5.072344978019556e-05
2018-08-17,2.1426640421854854e-05,4.655323308647499e-05
2018-08-20,2.5509409182765703e-05,4.398362357719883e-05
2018-08-21,2.1132471796903212e-05,4.2072248035045966e-05
2018-08-22,1.9413590369869e-05,3.854134826339819e-05
2018-08-23,2.272295092331913e-05,4.336144208097145e-05
2018-08-24,2.1078088742082348e-05,4.043456750782373e-05
2018-08-27,1.581163054963986e-05,4.2657369848813964e-05
2018-08-28,2.106949195209833e-05,4.2724349001517105e-05
2018-08-29,3.834937287861718e-05,4.326629840037779e-05
2018-08-30,4.639673910568283e-05,4.287190235137157e-05
2018-08-31,2.1838670560808137e-05,4.702650048117425e-05
2018-09-03,6.224183025718726e-05,4.674256580075767e-05
2018-09-04,5.8141518707147206e-05,5.428515276157434e-05
2018-09-05,4.137940548004408e-05,5.630322578515187e-05
2018-09-06,4.011035263671509e-05,5.06394959942723e-05
2018-09-07,2.140419582091034e-05,4.855562651302341e-05
2018-09-10,3.081332286825564e-05,4.6930530763885824e-05
2018-09-11,5.005398136260084e-05,4.763109636587813e-05
2018-09-12,3.996680089125834e-05,4.676716496024537e-05
2018-09-13,2.7168070477150725e-05,4.3213817004032855e-05
2018-09-14,3.563165758807858e-05,4.160387644356695e-05
2018-09-17,4.2768914470442066e-05,4.1375317590071845e-05
2018-09-18,2.400867294310185e-05,4.1376456188734335e-05
2018-09-19,2.4970277857025928e-05,4.137482971594757e-05
2018-09-20,2.7613442282669457e-05,4.00493929595841e-05
2018-09-21,1.851653185668148e-05,4.1093979254425223e-05
2018-09-24,3.045165422305205e-05,4.0142169398764204e-05
2018-09-25,1.545903467866862e-05,4.1243115180676335e-05
2018-09-26,3.0697864996531475e-05,4.23683789558773e-05
2018-09-27,6.938917986697656e-05,3.994832087223541e-05
2018-09-28,2.108816152842056e-05,6.298723190890375e-05
2018-10-01,5.393101369943888e-05,4.197617187835883e-05
2018-10-02,2.0407445591219063e-05,4.919821860456339e-05
2018-10-03,6.166658400771876e-05,4.047921510370008e-05
2018-10-04,4.563254533401387e-05,5.177903626617684e-05
2018-10-05,3.243039069150623e-05,4.683892584893241e-05
2018-10-08,6.429639838456768e-05,5.0422432307835064e-05
2018-10-09,5.305892496996444e-05,6.970724096640344e-05
2018-10-10,0.0001609270854249,4.928617427175734e-05
2018-10-11,8.565187131172897e-05,0.0003443006060698652
2018-10-12,5.946673009662852e-05,9.155734188078523e-05
2018-10-15,6.063785834603912e-05,6.135603761869065e-05
2018-10-16,7.328361136104985e-05,5.715808790608951e-05
2018-10-17,7.419649692173826e-05,7.142552147675071e-05
2018-10-18,0.0001070424094839,7.135878736691291e-05
2018-10-19,5.949854242196539e-05,8.158876272737179e-05
2018-10-22,0.0001235748202829,6.693793033719153e-05
2018-10-23,9.393705285661244e-05,9.415418536049717e-05
2018-10-24,0.0001326025315549,0.00013605071535821312
2018-10-25,0.0001376122699201,0.00011583061404383128
2018-10-26,7.360899524842839e-05,0.00015404736489440943
2018-10-29,0.0001403788980636,0.00010996329250277374
2018-10-30,9.037635053317551e-05,0.00011122500933960081
2018-10-31,7.813396149530441e-05,9.466020424768934e-05
2018-11-01,9.094494998742072e-05,8.571204162815507e-05
2018-11-02,3.509766484020291e-05,8.172623895286209e-05
2018-11-05,5.680941942030495e-05,5.3486794749253735e-05
2018-11-06,2.8190841458084834e-05,5.582030395417799e-05
2018-11-07,3.9631276478906664e-05,4.881267933051516e-05
2018-11-08,5.6298661651372616e-05,4.73109267886082e-05
2018-11-09,5.3040366540139177e-05,4.5893687884540686e-05
2018-11-12,5.3822188888552823e-05,4.8923254159561106e-05
2018-11-13,7.423578844978049e-05,4.991688295165649e-05
2018-11-14,8.293958413395132e-05,6.749728757635553e-05
2018-11-15,7.97205144766018e-05,7.935778163978899e-05
2018-11-16,6.060212662360144e-05,7.063309312023793e-05
2018-11-19,0.0001160203192995,5.749397923544975e-05
2018-11-20,6.299723391054506e-05,8.039386165814722e-05
2018-11-21,4.172845063842543e-05,5.130013506345401e-05
2018-11-22,5.12806160062143e-05,5.586143871829872e-05
2018-11-23,4.606919771496708e-05,5.504569399289144e-05
2018-11-26,6.497881849366691e-05,4.8183738484255466e-05
2018-11-27,3.780152682099149e-05,6.874165271452278e-05
2018-11-28,6.116124511661004e-05,5.3713357319677955e-05
2018-11-29,3.720899969444832e-05,6.034625305953168e-05
2018-11-30,8.79459660642821e-05,5.032180135908985e-05
2018-12-03,3.9986419763475335e-05,7.135278945098544e-05
2018-12-04,5.646825575233456e-05,5.059594935918908e-05
2018-12-05,0.0001315202913138,5.9814366451255374e-05
2018-12-06,6.66181796563877e-05,0.00014714231993814784
2018-12-07,7.594248680380358e-05,8.434524531562062e-05
2018-12-10,8.060258147861119e-05,0.00015847160364787784
2018-12-11,5.886759382112747e-05,8.208599739552103e-05
2018-12-12,7.58351512678293e-05,6.35479543537837e-05
2018-12-13,6.165066226152598e-05,8.040114514899955e-05
2018-12-14,5.7941792723490366e-05,6.3711222131527e-05
2018-12-17,6.426632005105074e-05,6.742754542375532e-05
2018-12-18,3.485813627782474e-05,7.621356980815144e-05
2018-12-19,4.985636778220488e-05,5.78287124622433e-05
2018-12-20,0.0001235881827846,6.484168056066715e-05
2018-12-21,9.078565633334416e-06,8.127635475591038e-05
2018-12-24,0.0001151905454574,6.035369592945735e-05
2018-12-27,6.423517348572342e-05,0.00011233385546619137
2018-12-28,9.096479295351226e-06,9.327817493645306e-05
2018-12-31,9.024674135160696e-05,7.406178565822551e-05
2019-01-02,9.286240855181469e-05,0.00010811796690510878
2019-01-03,0.0001118376860605,9.340400949572719e-05
2019-01-04,5.819392829643656e-05,8.754449988436928e-05
2019-01-07,6.975375146455366e-05,6.793067919909498e-05
2019-01-08,3.609350247444854e-05,7.59003402021697e-05
2019-01-09,5.791244687941962e-05,5.836898772160871e-05
2019-01-10,5.724956585174419e-05,6.207276788529484e-05
2019-01-11,3.866999520988751e-05,5.5646227045674364e-05
2019-01-14,5.3174815212819934e-05,4.662377766376945e-05
2019-01-15,3.1116683639272496e-05,5.1914776329691116e-05
2019-01-16,3.922825077947006e-05,4.682829633921111e-05
2019-01-17,4.4268168054641584e-05,4.6746117386855786e-05
2019-01-18,9.662628925260958e-06,3.9591289633970196e-05
2019-01-21,3.4344311069251096e-05,4.6670111295476895e-05
2019-01-22,3.6670164064260434e-05,4.343729201098107e-05
2019-01-23,6.163445664816889e-05,4.321126462485369e-05
2019-01-24,2.769557813759434e-05,5.545234384569464e-05
2019-01-25,2.9067046572943264e-05,3.7274796412209295e-05
2019-01-28,2.6579407280364244e-05,4.308564379505129e-05
2019-01-29,2.5791881525226148e-05,4.221048949933294e-05
2019-01-30,4.965955922450869e-05,4.2407778997120976e-05
2019-01-31,4.255788734874155e-05,4.597960715748409e-05
2019-02-01,3.947784499406019e-05,3.790155385671443e-05
2019-02-04,3.4882621492207316e-05,3.824258308982957e-05
2019-02-05,2.0758599320171876e-05,3.87852577846068e-05
2019-02-06,5.533154224123289e-05,3.908647145160969e-05
2019-02-07,4.721452871032914e-05,4.399352701184288e-05
2019-02-08,4.377218951891841e-05,4.414556930458098e-05
2019-02-11,2.121369718735635e-05,4.256258964471195e-05
2019-02-12,2.4806010763334132e-05,3.7797835486048716e-05
2019-02-13,5.271925703968346e-05,3.877651829250268e-05
2019-02-14,4.774647886938089e-05,4.686292884494847e-05
2019-02-15,1.6551360809470637e-05,3.903569646987558e-05
2019-02-18,4.596712289721253e-05,3.441348243729979e-05
2019-02-19,3.552039451806463e-05,3.871209749588059e-05
2019-02-20,3.642862374538398e-05,3.7750080342317546e-05
2019-02-21,2.2287371709050044e-05,3.8016845856913615e-05
2019-02-22,1.7804857118824647e-05,3.682635127843958e-05
2019-02-25,2.5027036188460255e-05,4.2333258952996994e-05
2019-02-26,1.9658544867803264e-05,3.605807080946953e-05
2019-02-27,2.5869950810883093e-05,3.7382330043941594e-05
2019-02-28,2.465252120281937e-05,3.8565499878436984e-05
2019-03-01,1.683037695555684e-05,3.6800178961539246e-05
2019-03-04,2.1479884698484524e-05,3.645118035691275e-05
2019-03-05,2.4929743666341836e-05,3.6733675521597206e-05
2019-03-06,6.8579835888437e-05,3.709367961031089e-05
2019-03-07,3.9225492377298376e-05,6.020152838123801e-05
2019-03-08,1.3209883748749724e-05,3.987494443000419e-05
2019-03-11,2.7412296994138824e-05,3.6622371088776104e-05
2019-03-12,1.1382154627598444e-05,3.8784662034311276e-05
2019-03-13,3.2397966568706057e-05,3.9724033658875174e-05
2019-03-14,7.908968881335686e-05,4.380917011619269e-05
2019-03-15,1.43916704635081e-05,6.341789591371995e-05
2019-03-18,1.6640225361242885e-05,4.344223140107642e-05
2019-03-19,3.2418687488309716e-05,3.585384150830631e-05
2019-03-20,2.829475491410323e-05,4.4811029530455557e-05
2019-03-21,7.191682253464625e-05,4.6138809869980795e-05
2019-03-22,6.731171593114699e-05,6.83746562752172e-05
2019-03-25,3.17752127679921e-05,6.837750855302941e-05
2019-03-26,7.068360858223108e-05,4.489359827270539e-05
2019-03-27,3.7495924009997e-05,6.463288843983882e-05
2019-03-28,4.502637309349208e-05,4.761366099133343e-05
2019-03-29,3.295673983174253e-05,4.528309479106217e-05
2019-04-01,1.9095613466517693e-05,3.811952597203328e-05
2019-04-02,2.1102525110649955e-05,3.72901296960688e-05
2019-04-03,1.375548864726347e-05,3.343333848750538e-05
2019-04-04,1.323345756386428e-05,3.625530533819512e-05
2019-04-05,1.498557031243572e-05,4.3379236555072655e-05
2019-04-08,2.5507874552134706e-05,4.163804884019595e-05
2019-04-09,1.6787624836057027e-05,4.305137177015262e-05
2019-04-10,2.5766174625765525e-05,4.3039897855071696e-05
2019-04-11,1.9253014955851556e-05,3.604589434861131e-05
2019-04-12,8.756277371123967e-06,3.823236459330646e-05
2019-04-15,1.0863425419678467e-05,4.007700800679798e-05
2019-04-16,1.4071477778548612e-05,4.378063063908299e-05
2019-04-17,4.9566526584482656e-05,4.633670969699654e-05
2019-04-18,1.1914307536141508e-05,4.6312777612563364e-05
2019-04-23,1.903786283684967e-05,4.6232931015476356e-05
2019-04-24,2.312966902777343e-05,3.765235841095065e-05
2019-04-25,2.3716128068684873e-05,3.764784635128974e-05
2019-04-26,1.9923701350782564e-05,4.8055371231303313e-05
2019-04-29,2.276721560878864e-05,3.590119386607197e-05
2019-04-30,2.8706385100886536e-05,3.760728669074058e-05
2019-05-02,1.8390894878677885e-05,3.5922661714819325e-05
2019-05-03,8.4577133222327e-05,3.562126912014945e-05
2019-05-06,4.541789341435779e-05,8.974600424854428e-05
2019-05-07,6.91574737324192e-05,5.0884529089466517e-05
2019-05-08,5.535282989728403e-05,7.175238846163076e-05
2019-05-09,6.121222560407997e-05,6.070211876784969e-05
2019-05-10,5.089563362713812e-05,6.868756493852172e-05
2019-05-13,2.8234545139387574e-05,5.902457227313792e-05
2019-05-14,0.0001384928371147,5.16094247501862e-05
2019-05-15,6.760661895188069e-05,7.581215851547265e-05
2019-05-16,6.535809479353418e-05,6.008643877063265e-05
2019-05-17,7.551188356715517e-05,6.056823916707388e-05
2019-05-20,3.2030438231846546e-05,6.825894461417889e-05
2019-05-21,4.9046118243824594e-05,4.2989774636114176e-05
2019-05-22,7.234054454583491e-05,4.429419369284019e-05
2019-05-23,3.58682987478736e-05,7.567688761558513e-05
2019-05-24,2.3038116378605617e-05,4.729967405205984e-05
2019-05-27,6.410495835903922e-05,4.3903381762693286e-05
2019-05-28,5.040640472663504e-05,6.57593778148754e-05
2019-05-29,2.2704610371210136e-05,5.583842917421484e-05
2019-05-30,8.271700175982968e-05,4.943545396735455e-05
2019-05-31,3.648237583279401e-05,7.520590157335148e-05
2019-06-03,6.658702700931489e-05,5.8287932113174006e-05
2019-06-04,6.155239819307667e-05,6.639241741083171e-05
2019-06-05,7.719422354660281e-05,6.177170003107803e-05
2019-06-06,5.9501610191863785e-05,6.341987679660874e-05
2019-06-07,9.85571646474918e-06,5.2256162868598364e-05
2019-06-10,2.413379950934612e-05,4.035735089669385e-05
2019-06-11,2.9753493563199156e-05,3.800166032620802e-05
2019-06-12,3.0321836206763605e-05,4.04899043191879e-05
2019-06-13,3.28935576358294e-05,4.254244831484298e-05
2019-06-14,2.0005047522579593e-05,4.142158298156061e-05
2019-06-17,6.658731734740918e-05,4.20112729230035e-05
2019-06-18,1.6169881623713196e-05,5.89621069622049e-05
2019-06-19,2.2828427447114327e-05,3.0744924086387233e-05
2019-06-20,4.368306767028978e-05,3.36515140291753e-05
2019-06-21,2.16992438990601e-05,3.9532642958917e-05
2019-06-24,1.929435619767924e-05,3.692954984506314e-05
2019-06-25,2.8762764156942347e-05,4.27295367969377e-05
2019-06-26,3.070423553742137e-05,3.813615820574006e-05
2019-06-27,1.9700994280926104e-05,3.7196145763999416e-05
2019-06-28,5.6492036962092215e-05,3.696265868886375e-05
2019-07-01,1.0701652839196905e-05,3.7534175296650205e-05
2019-07-02,1.661558806934918e-05,3.832744846728338e-05
2019-07-03,6.471097399942478e-06,3.658844102167117e-05
2019-07-04,3.066427338975929e-05,3.8412015810835765e-05
2019-07-05,1.5843903751909745e-05,3.280127292978735e-05
2019-07-08,3.874680398499274e-05,3.6099844924393784e-05
2019-07-09,2.654381488193057e-05,3.775887364365323e-05
2019-07-10,3.0325657844743145e-05,3.735343118149069e-05
2019-07-11,1.5366114481565624e-05,3.767159875326709e-05
2019-07-12,3.487055334356148e-05,3.7658711309772555e-05
2019-07-15,2.2141795914262754e-05,3.744730573430287e-05
2019-07-16,2.850457089408098e-05,3.7101514452390094e-05
2019-07-17,5.3154544929768335e-05,3.7621037674926734e-05
2019-07-18,4.122002589533564e-05,4.237861212879472e-05
2019-07-19,2.3190767712812087e-05,4.280148073090178e-05
2019-07-22,2.8216646885662904e-05,4.007071338698773e-05
2019-07-23,1.842976633435649e-05,3.757000184196186e-05
2019-07-24,9.800571588979273e-05,3.016241579069722e-05
2019-07-25,3.177155342633825e-05,6.322424151599232e-05
2019-07-26,1.6391476270979397e-05,3.368585135375375e-05
2019-07-29,5.38044688996876e-05,3.3352113944047884e-05
2019-07-30,2.068970691902995e-05,4.172267307320514e-05
2019-07-31,6.987735305893216e-05,4.093535048122652e-05
2019-08-01,0.0001779529694843,6.141013411243375e-05
2019-08-02,0.0001082036318874,8.199549821291997e-05
2019-08-05,8.029823830729238e-05,0.00012652915290020905
2019-08-06,8.72876143609314e-05,0.0001052904662606115
2019-08-07,5.832174431775471e-05,0.0001571430225911586
2019-08-08,5.7709440059693125e-05,7.202354102660931e-05
2019-08-09,7.438800600069474e-05,6.83753938044223e-05
2019-08-12,0.0001403812634415,7.604776720450278e-05
2019-08-13,9.063983562710418e-05,8.715721287012755e-05
2019-08-14,0.0002435290834166,9.872809046771064e-05
2019-08-15,8.010282484345801e-05,0.0001849572618452659
2019-08-16,5.458708075363585e-05,9.918008943708164e-05
2019-08-19,4.811111255230525e-05,6.329368270401943e-05
2019-08-20,3.646168484205733e-05,6.795583291426571e-05
2019-08-21,6.002314389573622e-05,4.805622343305866e-05
2019-08-22,0.0001684427669987,6.232015716541946e-05
2019-08-23,8.09318357897767e-05,9.223082426014717e-05
2019-08-26,3.387463757164645e-05,8.99088049993493e-05
2019-08-27,7.071906281683818e-05,5.688379812432606e-05
2019-08-28,6.151419055974455e-05,7.934234947325463e-05
2019-08-29,2.5539710316983713e-05,5.8139323107033235e-05
2019-08-30,1.6796828880218846e-05,4.825223975573036e-05
2019-09-02,6.202987629627683e-05,4.8282315949554005e-05
2019-09-03,1.846524579607153e-05,5.616731689946031e-05
2019-09-04,2.2032479547752607e-05,3.9691501872199e-05
2019-09-05,2.7903313299132985e-05,3.745775599197865e-05
2019-09-06,1.0737491252976177e-05,3.7267092151190495e-05
2019-09-09,2.4136216374227604e-05,3.562329379990028e-05
2019-09-10,1.6367029421353128e-05,3.746328990550613e-05
2019-09-11,0.0001077015631318,3.670850749352827e-05
2019-09-12,1.7102656123803756e-05,5.99035858939199e-05
2019-09-13,2.422039638586651e-05,3.569782865594412e-05
2019-09-16,2.6024420965200117e-05,3.779651151017481e-05
2019-09-17,1.318841567853596e-05,3.784045488222614e-05
2019-09-18,1.851519124939383e-05,4.5141337774079404e-05
2019-09-19,2.6014952067200913e-05,3.7303004221946474e-05
2019-09-20,2.829007768067662e-05,3.623829604306892e-05
2019-09-23,1.1943979197349776e-05,3.917172637918846e-05
2019-09-24,4.3108518272871066e-05,3.954468389675269e-05
2019-09-25,2.6800273858609927e-05,4.8716721079250034e-05
2019-09-26,1.916444836209142e-05,4.237607451954443e-05
2019-09-27,1.942044514637217e-05,3.850624096560915e-05
2019-09-30,5.1899704795758585e-05,4.507221263834699e-05
2019-10-01,6.429423697558955e-05,4.6742375679301606e-05
2019-10-02,6.47422998644809e-05,8.51268154248638e-05
2019-10-03,6.444874701053227e-05,8.492396017121676e-05
2019-10-04,3.874740893042438e-05,7.48259537360687e-05
2019-10-07,6.028364927697208e-05,5.435566775560724e-05
2019-10-08,7.117779266487551e-05,6.742755071879586e-05
2019-10-09,6.185751039829474e-05,6.881306615546006e-05
2019-10-10,4.669219750494701e-05,5.787716697615373e-05
2019-10-11,3.4241259461403344e-05,3.9686471917819586e-05
2019-10-14,5.167504068409298e-05,3.852137469739559e-05
2019-10-15,4.473127055768509e-05,3.974053349247476e-05
2019-10-16,6.467363885069948e-05,3.563142298025717e-05
2019-10-17,4.548050943092902e-05,5.854032163482109e-05
2019-10-18,2.520376816944201e-05,4.21464124335537e-05
2019-10-21,2.4626218249830464e-05,3.639499361149506e-05
2019-10-22,3.276505804549413e-05,3.8570524633993046e-05
2019-10-23,3.647755264556839e-05,3.686451668637791e-05
2019-10-24,1.9027757797313577e-05,3.39880247280004e-05
2019-10-25,1.2349754682227782e-05,3.127057569268248e-05
2019-10-28,1.802964999350898e-05,3.210280876935734e-05
2019-10-29,2.4424669660609637e-05,4.4616227608940594e-05
2019-10-30,4.998666792806159e-05,4.471755790646798e-05
2019-10-31,1.761958386037068e-05,4.450397093387472e-05
2019-11-01,2.2759229351593967e-05,4.464999624213623e-05
2019-11-04,1.267964960524409e-05,4.46705765233232e-05
2019-11-05,1.3797418407884796e-05,4.4606826141894945e-05
2019-11-06,1.5069932157846586e-05,3.382126025221194e-05
2019-11-07,2.09187372841891e-05,4.4668356450260916e-05
2019-11-08,1.0891900059474085e-05,3.4584446672240685e-05
2019-11-11,1.1761520296225073e-05,3.7783631527067004e-05
2019-11-12,2.4478309930169055e-05,4.459627419208498e-05
2019-11-13,1.9730245317697003e-05,4.431243116937773e-05
2019-11-14,1.7039857845281122e-05,3.590365460060179e-05
2019-11-15,3.0605613162451906e-05,4.500253191700646e-05
2019-11-18,2.3129416048213782e-05,4.451661354426024e-05
2019-11-19,2.586752257296715e-05,3.384834499625022e-05
2019-11-20,2.9691436098375264e-05,3.604435955532171e-05
2019-11-21,3.29350158470932e-05,3.958839050281199e-05
2019-11-22,1.1187457390874033e-05,3.68154173804222e-05
2019-11-25,1.0587962769643726e-05,4.362684974681779e-05
2019-11-26,1.331138702288376e-05,3.351853617279793e-05
2019-11-27,6.8720428087898784e-06,4.094364717673737e-05
2019-11-28,1.512548809186966e-05,3.129256624116691e-05
2019-11-29,6.489148301332935e-05,3.350822400447819e-05
2019-12-02,7.517692942391974e-05,6.638376999935203e-05
2019-12-03,4.0108559944229224e-05,6.819357727910127e-05
2019-12-04,3.104776039861834e-05,4.736647352257808e-05
2019-12-05,2.2092437483910143e-05,4.71304229111962e-05
2019-12-06,1.333742408169123e-05,4.6983865712461306e-05
2019-12-09,5.830153351288476e-05,4.6875189875206094e-05
2019-12-10,3.1101396503039e-05,4.770377078172933e-05
2019-12-11,7.060194728010338e-05,4.6758035565077076e-05
2019-12-12,8.99589938545273e-05,6.588698097217022e-05
2019-12-13,1.581209230004472e-05,7.155492136363521e-05
2019-12-16,1.9310785777451793e-05,2.8094196455970133e-05
2019-12-17,1.9276554587627967e-05,3.7060823170938126e-05
2019-12-18,2.3989003514333508e-05,3.452669652028344e-05
2019-12-19,4.778463391098426e-05,3.679822499531561e-05
2019-12-20,8.600511752227934e-06,4.3561719468478946e-05
2019-12-23,9.371164279683508e-07,3.3273382222973254e-05
2019-12-24,1.3559224717242353e-05,4.3748395292374126e-05
2019-12-27,1.4503607238915037e-05,2.9839380685195508e-05
2019-12-30,2.8666726689026114e-06,3.790566994762357e-05
2019-12-31,2.6304955688416927e-05,4.7057581076164975e-05
2020-01-02,3.7731523738009594e-05,4.354145875530157e-05
2020-01-03,3.734573614485357e-05,3.813270756948161e-05
2020-01-06,4.451796377836771e-05,3.85523947523509e-05
2020-01-07,5.462644184308214e-05,4.058953326745932e-05
2020-01-08,1.8764834139755883e-05,4.338728593400758e-05
2020-01-09,2.101747502816391e-05,3.361461600933506e-05
2020-01-10,2.465131523265454e-05,4.338452950125388e-05
2020-01-13,5.147667943528555e-05,3.9991242482331595e-05
2020-01-14,2.2107858169170563e-05,4.164566095653161e-05
2020-01-15,2.7676404513672427e-05,3.920370495443829e-05
2020-01-16,1.5898814432785063e-05,3.925082155474783e-05
2020-01-17,6.589366192738649e-06,3.634570206395485e-05
2020-01-20,2.7437240411978555e-05,4.199401537591442e-05
2020-01-21,2.8066759104303463e-05,4.4217404424710464e-05
2020-01-22,3.776056127369833e-05,4.2085934264941e-05
2020-01-23,3.413859392473509e-05,4.676524620755103e-05
2020-01-24,7.210652957933079e-05,4.2747052912345284e-05
2020-01-27,4.107816880244143e-05,6.908019233180831e-05
2020-01-28,3.0705357927332126e-05,4.345054646377653e-05
2020-01-29,7.574864298807662e-05,4.1071523780437825e-05
2020-01-30,4.8696400190136965e-05,6.353424068754668e-05
2020-01-31,3.919411702547708e-05,4.927055873055493e-05
2020-02-03,2.5339825540427423e-05,5.333575071342272e-05
2020-02-04,5.823843196218155e-05,4.358712506031513e-05
2020-02-05,3.121937289586546e-05,5.260662062948906e-05
2020-02-06,3.182427589187743e-05,4.1815595204112416e-05
2020-02-07,2.0608985996275705e-05,4.676464646267811e-05
2020-02-10,1.5425609017877018e-05,4.675856020110448e-05
2020-02-11,1.3263109280660538e-05,4.407091435122061e-05
2020-02-12,5.3064604912612086e-05,3.351550114098272e-05
2020-02-13,1.6798122523827934e-05,3.5892753953278364e-05
2020-02-14,8.260627610891633e-06,3.373105329628433e-05
2020-02-17,3.0190262020735516e-05,3.330012151226357e-05
2020-02-18,1.288538022299146e-05,3.888091634998372e-05
2020-02-19,1.962931315710598e-05,3.940577364570376e-05
2020-02-20,7.069330705685106e-05,3.616335267362756e-05
2020-02-21,0.0001588032609718,6.346213964883984e-05
2020-02-24,0.000154750672616,0.00012590377666039335
2020-02-25,0.0002524076143831,0.00018963928906758057
2020-02-26,0.0004640228130729,0.00028423428901556703
2020-02-27,0.0007669231373136,0.0005536497682718031
2020-02-28,0.000665096874202,0.0006253798801209577
2020-03-02,0.0005863256299242,0.0005328238410629185
2020-03-03,0.0002117273702151,0.0003865682391686396
2020-03-04,0.0002063039901705,0.00019629335229936283
2020-03-05,0.0004050635458039,0.0002638658983321755
2020-03-06,0.0021677936385876,0.001834475137703426
2020-03-09,0.0009131412048718,0.003939436230809975
2020-03-10,0.0006443454313405,0.0010464972548360485
2020-03-11,0.002756419239668,0.0030241271417593475
2020-03-12,0.002268286018116,0.003280221765101534
2020-03-13,0.0035648873843471,0.00305888198949765
2020-03-16,0.0030893622285972,0.003689266496498654
2020-03-17,0.0017333063087329,0.0013892552580870496
2020-03-18,0.0012374873196752,0.003377134271819027
2020-03-19,0.0021093735407589,0.0012388339007753646
2020-03-20,0.0021566858480893,0.0012369326305780922
2020-03-23,0.0012357536337534,0.001238246603675044
2020-03-24,0.0012210969605034,0.0011064328597506486
2020-03-25,0.000740518117549,0.0011126987882399107
2020-03-26,0.0005172413785716,0.0008466809015746327
2020-03-27,0.0005684521435554,0.0009685948584519114
2020-03-30,0.000518213899179,0.0010521130671444399
2020-03-31,0.000529188515829,0.0003731746866087659
2020-04-01,0.000505837573323,0.0007862465821530274
2020-04-02,0.0002451654788126,0.0007863886830474267
2020-04-03,0.0003458046545987,0.0006971388364724058
2020-04-06,0.0005350010649439,0.00028426550960075517
2020-04-07,0.0002092364198249,0.0003520838534031206
2020-04-08,0.0003542367347617,0.00026268105058904734
2020-04-09,0.0001681746781709,0.0003038069626180918
2020-04-14,0.0002472756209061,0.00018137936290909897
2020-04-15,0.0001891114486832,0.00020030440223584302
2020-04-16,0.0002279541838671,0.00018196864325398167
2020-04-17,0.0001670361401339,0.00020009900158640185
2020-04-20,0.000207720779201,0.00020302339569893796
2020-04-21,0.0001185596144874,0.0002789429012772323
2020-04-22,0.0001336593642161,0.00018191959770843765
2020-04-23,0.0001174669214009,0.00018183158114531468
2020-04-24,7.340554011693785e-05,0.00018149108122358362
2020-04-27,0.0001285046279008,0.00017937389787601213
2020-04-28,0.0001802612760217,0.00016696232816755687
2020-04-29,0.0003133665119304,0.00011609428474374997
2020-04-30,0.0002336097106983,0.00028031486553258347
2020-05-04,0.0002798243126176,0.00019841368168497367
2020-05-05,0.0001322970524265,0.00019835766443413146
2020-05-06,7.773781985391135e-05,0.00017942539489467855
2020-05-07,8.409527837052403e-05,0.00017945215517221444
2020-05-08,0.0001094195494981,0.00013032220030302549
2020-05-11,8.76269163443196e-05,0.00012890027996848705
2020-05-12,0.0001881702102177,0.0001084645550982109
2020-05-13,0.0002539112625308,0.0001675174966665006
2020-05-14,0.0002465318157084,0.00019776181848415208
2020-05-15,0.0001310733869132,0.00019641138144133312
2020-05-18,0.0001792614560501,0.000130163061027461
2020-05-19,0.0001295445777344,0.00012917757073570792
2020-05-20,0.0001487449449364,0.00013019989848587354
2020-05-21,0.0001399302632791,0.00017902258309228068
2020-05-22,7.982986376635419e-05,0.00013011745734476104
2020-05-25,7.728922769422248e-05,0.00012874600885105786
2020-05-26,0.0001758733465023,0.00011279228575016587
2020-05-27,0.0001035903909705,0.00011646718505095097
2020-05-28,0.0002052050968285,0.00011641230911944975
2020-05-29,4.261010903932702e-05,0.00014385268711790826
2020-06-01,0.0001061076723201,0.000116336896419209
2020-06-02,9.9583274862343e-05,0.00011630318729561806
2020-06-03,0.0002281986066873,0.00011617580221517319
2020-06-04,0.0001839396830614,0.00013731367509741126
2020-06-05,0.0001695394911829,0.00012099722682473415
2020-06-08,0.0001967057312785,0.00012580175865455583
2020-06-09,0.0001607276222256,0.00013084417760996986
2020-06-10,0.0002965658620165,0.00012943380680909656
2020-06-11,0.0003537097800413,0.0002094852060659716
2020-06-12,0.0003471393295003,0.00038489184169933837
2020-06-15,0.0002763262764172,0.00030778354470151214
2020-06-16,0.0001867264157019,0.00019362901076706214
2020-06-17,0.0002083743122184,0.00017713679639129668
2020-06-18,8.477911814886435e-05,0.000193189779462261
2020-06-19,0.0001230425721441,0.00017606792437449974
2020-06-22,0.0001373595113734,0.0001760749906797904
2020-06-23,0.0001644195382072,0.00012829257546576595
2020-06-24,0.0002646422478169,0.0001751782107661699
2020-06-25,0.0001248477938647,0.00019107453337658805
2020-06-26,0.0001871217423095,0.0001746570261202728
2020-06-29,9.793884588578e-05,0.0001746858483321775
2020-06-30,0.0001957664157848,0.0001289188180831493
2020-07-01,0.0001496077754638,0.00013019032020584765
2020-07-02,8.00519127964446e-05,0.00012147199029173322
2020-07-03,7.838751543085157e-05,0.00012498945392744516
2020-07-06,8.471520798607626e-05,0.0001084363765369186
2020-07-07,9.721216098286166e-05,0.00010839591764908439
2020-07-08,0.0001074019528975,0.0001128201329172988
2020-07-09,0.0001252851164077,0.00011247253350137657
2020-07-10,7.735138684650439e-05,0.0001105397649234677
2020-07-13,0.0001465070219661,0.0001072297640754279
2020-07-14,8.929426055769147e-05,0.00011362576800240394
2020-07-15,7.63490726105897e-05,0.00010813747635450833
2020-07-16,4.795274288832856e-05,9.76582874016164e-05
2020-07-17,0.0001068353701946,9.757117014726297e-05
2020-07-20,6.025326653926004e-05,9.068497698828941e-05
2020-07-21,7.69546002029373e-05,9.070510345722741e-05
2020-07-22,6.016683421616525e-05,9.065630628886576e-05
2020-07-23,7.19754663368043e-05,9.064021099324582e-05
2020-07-24,7.155990627595705e-05,9.637710800610246e-05
2020-07-27,7.09906978712933e-05,9.16987644145382e-05
2020-07-28,3.197584652476292e-05,9.066635344217862e-05
2020-07-29,0.0001736545583567,9.063628847355456e-05
2020-07-30,0.0001426676280634,0.00010911147981292816
2020-07-31,0.0001194847533159,9.640043855544516e-05
2020-08-03,0.0001471680492687,9.8269763498268e-05
2020-08-04,6.576335654360932e-05,9.24003877718435e-05
2020-08-05,0.0001483562636315,0.00010399019831359242
2020-08-06,0.0001033662135713,9.218000522368405e-05
