Date,RV_actual,RV_forecast_best,RV_forecast_top5
2016-04-21,5.285423401950513e-05,0.0001001352,9.448921e-05
2016-04-22,8.072922492451358e-05,8.697487e-05,8.460653e-05
2016-04-25,6.615018032214572e-05,9.340461e-05,8.762588e-05
2016-04-26,5.869506409109005e-05,9.0831585e-05,8.6034066e-05
2016-04-27,9.747323108214564e-05,8.6836306e-05,8.399973e-05
2016-04-28,0.0001465823345763,9.607942e-05,8.9558525e-05
2016-04-29,9.49354636700917e-05,0.00011188563,0.00010549447
2016-05-02,0.000104971983643,9.6900745e-05,9.358076e-05
2016-05-03,8.462797542712316e-05,9.945839e-05,9.7119286e-05
2016-05-04,9.322932475882608e-05,9.47564e-05,9.410216e-05
2016-05-05,0.000171945087101,9.6269105e-05,9.5689655e-05
2016-05-06,0.0001157076251394,0.00013672421,0.00013633043
2016-05-09,9.4510263471692e-05,0.000110426074,0.000107678585
2016-05-10,0.0001286391088613,9.766728e-05,9.919065e-05
2016-05-11,0.0001351417803126,0.00011859342,0.000118651995
2016-05-12,0.0001523596039145,0.00012666472,0.00012799569
2016-05-13,3.2793535365183516e-05,0.00013867443,0.00013613122
2016-05-16,0.0001231298436432,8.4520456e-05,8.80254e-05
2016-05-17,0.0001029839273537,0.000115258445,0.000112050155
2016-05-18,0.0001349743953929,0.000101540936,0.000100732024
2016-05-19,7.681011938012709e-05,0.00011692672,0.00011399061
2016-05-20,0.0001760648287833,9.448721e-05,9.1724774e-05
2016-05-23,7.64855864400628e-05,0.00014873035,0.00014629257
2016-05-24,5.028443074957498e-05,9.602923e-05,9.666087e-05
2016-05-25,5.612715342291293e-05,9.05e-05,9.051342e-05
2016-05-26,2.638448316011813e-05,9.074792e-05,8.7991095e-05
2016-05-27,1.849976577056911e-05,8.042961e-05,8.153917e-05
2016-05-30,5.5796352267937055e-05,7.694795e-05,7.5748234e-05
2016-05-31,7.276680411360176e-05,8.835405e-05,8.10357e-05
2016-06-01,7.182857555068032e-05,9.386029e-05,8.4114334e-05
2016-06-02,0.0001301422686445,9.322487e-05,8.39579e-05
2016-06-03,4.8077220532651975e-05,0.00010400771,9.604201e-05
2016-06-06,5.437994494407601e-05,8.295333e-05,8.268786e-05
2016-06-07,5.3049697563391456e-05,8.375456e-05,8.288329e-05
2016-06-08,5.564130458406076e-05,8.240618e-05,8.167599e-05
2016-06-09,0.0001253277884836,8.2631326e-05,8.131019e-05
2016-06-10,0.0001143422024297,0.00010150029,9.3267256e-05
2016-06-13,0.0001414033212355,9.9580175e-05,9.35103e-05
2016-06-14,8.583610893609849e-05,0.00011553966,0.000109436376
2016-06-15,0.0001606533817775,9.4203584e-05,9.364977e-05
2016-06-16,0.0001444261578035,0.00014477863,0.00014153955
2016-06-17,0.0001540148721645,0.00013829346,0.00013406409
2016-06-20,0.0001033818123089,0.00015203089,0.00014616761
2016-06-21,8.468976017806533e-05,0.00010563564,0.00011078689
2016-06-22,0.0003127041612844,9.536033e-05,0.000103020066
2016-06-23,0.0062272572807869,0.00021429597,0.00020422954
2016-06-24,0.0003338888393461,0.0014050737,0.0013702533
2016-06-27,0.0001944522711404,0.00047319278,0.00050472724
2016-06-28,0.00012518008458,0.00042666146,0.00046384326
2016-06-29,0.0002244528483643,0.0004104274,0.0004469337
2016-06-30,0.0001329190567126,0.00043721133,0.0004719946
2016-07-01,5.95428722118083e-05,0.00018511007,0.0001899787
2016-07-04,9.953972764709518e-05,0.00016458578,0.00017704014
2016-07-05,0.0001444011275835,0.00015107074,0.00017631202
2016-07-06,0.0001058242641617,0.00015183992,0.00018049512
2016-07-07,0.0002152102266698,0.00014000949,0.00017445337
2016-07-08,0.0001163844818066,0.00018248147,0.00019669304
2016-07-11,8.607745962498945e-05,0.0001567211,0.00018072617
2016-07-12,0.000388668271507,0.00015673463,0.00017835459
2016-07-13,0.0001100427441462,0.00023379539,0.00024735817
2016-07-15,0.0001280119033764,0.00018158776,0.00018812848
2016-07-18,9.980837045345352e-05,0.00017450274,0.00018760597
2016-07-19,6.670098684778401e-05,0.00017391253,0.0001849241
2016-07-20,0.0001169894449479,0.00017319436,0.00018196208
2016-07-21,0.0001187004139295,0.00013857632,0.00017637227
2016-07-22,6.900010930245905e-05,0.00013956203,0.00017682645
2016-07-25,8.972933572017637e-05,0.00014041224,0.00017273285
2016-07-26,2.579181904093408e-05,0.00013676658,0.00017233501
2016-07-27,8.528859290513268e-05,9.003818e-05,8.895436e-05
2016-07-28,6.293501255894337e-05,9.7071184e-05,9.326575e-05
2016-07-29,6.462306055668062e-05,9.179486e-05,8.755033e-05
2016-08-01,7.760070877525404e-05,9.2013805e-05,8.733715e-05
2016-08-02,0.0001398654159485,9.37754e-05,8.812826e-05
2016-08-03,8.625829040102548e-05,0.00010733471,0.00010424936
2016-08-04,5.785184154315149e-05,9.702557e-05,9.2967646e-05
2016-08-05,3.406973326692493e-05,9.1855305e-05,8.8647306e-05
2016-08-08,3.605884603883981e-05,8.339729e-05,8.3392624e-05
2016-08-09,3.432785991894168e-05,8.1511185e-05,8.1422375e-05
2016-08-10,3.9251661079819115e-05,7.9978534e-05,7.7658464e-05
2016-08-11,2.968037518591873e-05,8.182548e-05,7.755573e-05
2016-08-12,2.5394121123613277e-05,7.925275e-05,7.53824e-05
2016-08-15,5.963779185506859e-05,7.502408e-05,7.26999e-05
2016-08-16,5.736011218866102e-05,8.3952975e-05,7.791263e-05
2016-08-17,2.5329570015884297e-05,8.2013095e-05,7.731614e-05
2016-08-18,6.045134694114589e-05,7.250383e-05,7.193922e-05
2016-08-19,0.0001042945784459,8.188386e-05,7.7543154e-05
2016-08-22,5.734398764620082e-05,9.42174e-05,8.721465e-05
2016-08-23,4.740936069048123e-05,7.86335e-05,7.8325225e-05
2016-08-24,6.05663111083877e-05,7.579935e-05,7.658187e-05
2016-08-25,0.00010750574774,7.8886296e-05,7.925605e-05
2016-08-26,5.957542325528995e-05,9.45837e-05,9.0647474e-05
2016-08-29,3.704278133236895e-05,7.909504e-05,7.941079e-05
2016-08-30,4.454777559691289e-05,7.291547e-05,7.5708704e-05
2016-08-31,7.7816526383221e-05,7.470597e-05,7.648983e-05
2016-09-01,8.742737229184434e-05,8.508296e-05,8.2186496e-05
2016-09-02,2.5489610935255814e-05,8.965707e-05,8.360045e-05
2016-09-05,4.1245510140717344e-05,6.9043796e-05,7.2674186e-05
2016-09-06,5.893333808257708e-05,7.31589e-05,7.471263e-05
2016-09-07,0.000116051764795,7.8070836e-05,7.761212e-05
2016-09-08,8.133020284784319e-05,9.5987234e-05,9.044108e-05
2016-09-09,0.000109075711622,8.720692e-05,8.2986626e-05
2016-09-12,7.609757110443477e-05,9.52666e-05,9.251014e-05
2016-09-13,7.668175510311387e-05,8.7203654e-05,8.6636064e-05
2016-09-14,7.881851653492917e-05,8.838642e-05,8.783514e-05
2016-09-15,8.220412229148972e-05,8.891865e-05,8.670254e-05
2016-09-16,2.2915444739787783e-05,8.997606e-05,8.744836e-05
2016-09-19,3.517531944792515e-05,7.09427e-05,7.545821e-05
2016-09-20,3.872742570500875e-05,7.422068e-05,7.572728e-05
2016-09-21,4.5223299312026834e-05,7.5122516e-05,7.4932366e-05
2016-09-22,3.158679523623141e-05,7.7635086e-05,7.516248e-05
2016-09-23,5.8580203727927945e-05,7.478793e-05,7.255894e-05
2016-09-26,8.127748447649537e-05,8.16621e-05,7.7043194e-05
2016-09-27,6.49659942618343e-05,8.989088e-05,8.2023966e-05
2016-09-28,7.056399575983866e-05,8.206867e-05,7.910752e-05
2016-09-29,0.0002024095074863,8.382708e-05,8.077969e-05
2016-09-30,1.6830419471148026e-05,0.0001557673,0.00014508888
2016-10-03,6.269700555193848e-05,6.960541e-05,7.884551e-05
2016-10-04,5.231337842680469e-05,8.219414e-05,8.338228e-05
2016-10-05,5.762678528739786e-05,7.892737e-05,8.145965e-05
2016-10-06,0.0001022949176314,8.066153e-05,8.187475e-05
2016-10-07,5.275992008896654e-05,9.472154e-05,8.6847765e-05
2016-10-10,4.291072958397141e-05,7.864389e-05,7.9009274e-05
2016-10-11,6.025666713656674e-05,7.5901626e-05,7.697042e-05
2016-10-12,9.030600004175452e-05,8.0264734e-05,7.942608e-05
2016-10-13,4.458240093709509e-05,9.126617e-05,8.606366e-05
2016-10-14,4.522190431433646e-05,7.589176e-05,7.646508e-05
2016-10-17,2.9549970094956813e-05,7.5930664e-05,7.623288e-05
2016-10-18,2.1844203413039433e-05,7.1369235e-05,7.362776e-05
2016-10-19,5.1201121327380054e-05,6.992934e-05,7.164704e-05
2016-10-20,2.938618839427886e-05,7.934482e-05,7.53786e-05
2016-10-21,2.3564824366545496e-05,7.336927e-05,7.187133e-05
2016-10-24,2.7868643625797673e-05,7.202347e-05,7.0735936e-05
2016-10-25,4.31375196435991e-05,7.32644e-05,7.131576e-05
2016-10-26,9.549387738427454e-05,7.6999844e-05,7.3699164e-05
2016-10-27,7.297412296927481e-05,9.33531e-05,8.3606355e-05
2016-10-28,3.9178933291231065e-05,8.4705345e-05,7.984483e-05
2016-10-31,6.599006431558282e-05,7.349957e-05,7.491976e-05
2016-11-01,4.924686522666302e-05,7.957328e-05,7.916566e-05
2016-11-02,5.6656382543796486e-05,7.473701e-05,7.7004486e-05
2016-11-03,4.2403793556643425e-05,7.73516e-05,7.702681e-05
2016-11-04,5.223597600835327e-05,7.386847e-05,7.424409e-05
2016-11-07,4.001142483515369e-05,7.632306e-05,7.5909105e-05
2016-11-08,0.0003191267473782,7.287179e-05,7.335468e-05
2016-11-09,0.0001382759214839,0.0002014186,0.00018633917
2016-11-10,0.0001064944831087,0.0001280542,0.00012477911
2016-11-11,8.141803487188575e-05,0.00010097793,0.0001132326
2016-11-14,4.814512643652075e-05,9.344965e-05,0.000105635685
2016-11-15,8.366170815128343e-05,8.570854e-05,9.779413e-05
2016-11-16,5.3490124726483866e-05,9.051054e-05,8.9082554e-05
2016-11-17,7.404611289045225e-05,7.929799e-05,8.0674516e-05
2016-11-18,6.835766280381194e-05,8.711102e-05,8.3222156e-05
2016-11-21,3.968183139019824e-05,8.482053e-05,8.182284e-05
2016-11-22,5.672608608610435e-05,7.640052e-05,7.749905e-05
2016-11-23,4.1309365781664005e-05,8.168773e-05,7.93064e-05
2016-11-24,2.522960856373642e-05,7.754747e-05,7.6901044e-05
2016-11-25,6.265145847991447e-05,7.385625e-05,7.361707e-05
2016-11-28,7.192650354842568e-05,8.517664e-05,7.917298e-05
2016-11-29,5.780571989924209e-05,8.8768225e-05,8.139103e-05
2016-11-30,7.125059622545927e-05,8.257857e-05,7.869742e-05
2016-12-01,5.833261589428571e-05,8.777699e-05,8.173879e-05
2016-12-02,0.0001544089783838,8.183733e-05,8.030136e-05
2016-12-05,4.897439243131561e-05,0.000112236536,0.00010533297
2016-12-06,3.6783584731806645e-05,8.027822e-05,8.161735e-05
2016-12-07,0.0001352840900236,7.657528e-05,7.9108075e-05
2016-12-08,3.2624785140573146e-05,0.000109559,0.000101040954
2016-12-09,2.611684339313675e-05,7.3983116e-05,7.9361e-05
2016-12-12,3.3275697920775306e-05,7.152514e-05,7.395396e-05
2016-12-13,3.180587338217507e-05,7.295769e-05,7.414922e-05
2016-12-14,7.423414168817352e-05,7.221923e-05,7.364872e-05
2016-12-15,6.603710578005543e-05,8.7454144e-05,7.9669764e-05
2016-12-16,1.825063725235017e-05,8.3021994e-05,7.8159515e-05
2016-12-19,2.0654182708602712e-05,6.888339e-05,7.0907314e-05
2016-12-20,1.683012975272209e-05,6.934629e-05,7.073804e-05
2016-12-21,1.6381117654118938e-05,6.8139e-05,6.977506e-05
2016-12-22,8.499766671150814e-06,6.9178255e-05,6.886275e-05
2016-12-23,7.4546694505404366e-06,6.7859335e-05,6.697561e-05
2016-12-27,4.405945835823503e-06,6.751731e-05,6.655698e-05
2016-12-28,1.1475006897487983e-05,6.68453e-05,6.586309e-05
2016-12-29,2.0669685067607912e-05,6.854738e-05,6.656933e-05
2016-12-30,2.2874100264898497e-05,7.0629154e-05,6.7690744e-05
2017-01-02,2.655706052475812e-05,7.061156e-05,6.7955916e-05
2017-01-03,1.314050657970631e-05,7.081942e-05,6.842801e-05
2017-01-04,3.0025004621430952e-05,6.636696e-05,6.633731e-05
2017-01-05,2.5466815772097012e-05,6.96693e-05,6.8307025e-05
2017-01-06,2.006193135632779e-05,6.80412e-05,6.760587e-05
2017-01-09,2.236807353238282e-05,6.6410925e-05,6.6759945e-05
2017-01-10,4.47154759194328e-05,6.617503e-05,6.652321e-05
2017-01-11,3.927697939981465e-05,7.1938615e-05,7.0115966e-05
2017-01-12,1.9266631827716433e-05,7.027597e-05,6.9555026e-05
2017-01-13,2.3835975243256497e-05,6.456298e-05,6.668234e-05
2017-01-16,4.756202443863202e-05,6.571298e-05,6.7307294e-05
2017-01-17,3.1700352926930103e-05,7.168122e-05,7.091566e-05
2017-01-18,3.837266974433304e-05,6.713999e-05,6.834764e-05
2017-01-19,4.284543845050885e-05,6.9251844e-05,6.932138e-05
2017-01-20,5.700072558332059e-05,7.0170114e-05,7.0450886e-05
2017-01-23,1.7171771632571203e-05,7.379523e-05,7.322839e-05
2017-01-24,2.8813421698987636e-05,6.32276e-05,6.7416055e-05
2017-01-25,1.997137311441027e-05,6.671836e-05,6.8819914e-05
2017-01-26,2.5150555605911273e-05,6.470584e-05,6.734974e-05
2017-01-27,4.69161956223433e-05,6.679132e-05,6.7758185e-05
2017-01-30,5.231692346108991e-05,7.35833e-05,7.080524e-05
2017-01-31,4.604013805654891e-05,7.457641e-05,7.2268645e-05
2017-02-01,3.79121832829478e-05,7.257241e-05,7.173804e-05
2017-02-02,2.6570220024898408e-05,6.994941e-05,7.100013e-05
2017-02-03,5.677096620123277e-05,6.6859146e-05,6.964152e-05
2017-02-06,3.107721516066708e-05,7.540983e-05,7.4025724e-05
2017-02-07,5.353707732419721e-05,6.8619156e-05,7.007255e-05
2017-02-08,5.546988065835329e-05,7.5153956e-05,7.347243e-05
2017-02-09,4.047295105039487e-05,7.558331e-05,7.419618e-05
2017-02-10,2.430227359585371e-05,7.102616e-05,7.2444636e-05
2017-02-13,1.894982943877532e-05,6.699936e-05,6.951215e-05
2017-02-14,2.0833425379113273e-05,6.573294e-05,6.8562375e-05
2017-02-15,2.6961461280319607e-05,6.696006e-05,6.8200534e-05
2017-02-16,5.321891378038487e-05,6.921192e-05,6.852402e-05
2017-02-17,1.679467391584158e-05,7.662669e-05,7.266687e-05
2017-02-20,2.4383314196077477e-05,6.6172404e-05,6.7239314e-05
2017-02-21,4.312298409329537e-05,6.805598e-05,6.8242625e-05
2017-02-22,2.112773662281966e-05,7.277659e-05,7.108632e-05
2017-02-23,5.1545791122105064e-05,6.66444e-05,6.800359e-05
2017-02-24,2.6545634015781984e-05,7.5605e-05,7.234689e-05
2017-02-27,1.9943945727849185e-05,6.8264446e-05,6.8967485e-05
2017-02-28,3.494208224622991e-05,6.643133e-05,6.800507e-05
2017-03-01,1.4112831612844102e-05,7.0819566e-05,6.986416e-05
2017-03-02,3.7985212340371485e-05,6.467764e-05,6.679289e-05
2017-03-03,1.886613959974214e-05,7.177227e-05,6.981768e-05
2017-03-06,1.8427021494571055e-05,6.630545e-05,6.699785e-05
2017-03-07,4.597131937680918e-05,6.614371e-05,6.688193e-05
2017-03-08,3.161861363261382e-05,7.368297e-05,7.081566e-05
2017-03-09,3.564078372474002e-05,6.915745e-05,6.90113e-05
2017-03-10,1.1883158796265863e-05,7.020827e-05,6.946518e-05
2017-03-13,3.3916159902854e-05,6.317856e-05,6.602031e-05
2017-03-14,1.3638664251739332e-05,6.906936e-05,6.91453e-05
2017-03-15,3.870016444255315e-05,6.392978e-05,6.5912005e-05
2017-03-16,1.796898019059035e-05,7.112058e-05,6.949392e-05
2017-03-17,1.4282733725101707e-05,6.557165e-05,6.63853e-05
2017-03-20,4.239125263816091e-05,6.4346015e-05,6.588354e-05
2017-03-21,3.439041907284899e-05,7.21074e-05,6.980586e-05
2017-03-22,2.7878114849271735e-05,6.9476286e-05,6.903276e-05
2017-03-23,2.439930723936556e-05,6.789714e-05,6.799895e-05
2017-03-24,2.9945847162061342e-05,6.658192e-05,6.753651e-05
2017-03-27,1.9019885641017424e-05,6.787793e-05,6.856765e-05
2017-03-28,1.8950664280508228e-05,6.501354e-05,6.6623885e-05
2017-03-29,1.0811923059811622e-05,6.529325e-05,6.634382e-05
2017-03-30,1.6368210036370732e-05,6.328465e-05,6.5003675e-05
2017-03-31,1.8868545384593437e-05,6.49043e-05,6.551903e-05
2017-04-03,1.976894103576347e-05,6.592607e-05,6.573668e-05
2017-04-04,3.275876655025633e-05,6.6005654e-05,6.578888e-05
2017-04-05,3.910731982333982e-05,6.952434e-05,6.786419e-05
2017-04-06,3.53847736541602e-05,7.085503e-05,6.918672e-05
2017-04-07,1.6144874511018915e-05,6.924292e-05,6.887688e-05
2017-04-10,5.0567681355513153e-05,6.365534e-05,6.621588e-05
2017-04-11,3.744633525346484e-05,7.292415e-05,7.149311e-05
2017-04-12,2.3155715941897975e-05,6.9276815e-05,6.9819e-05
2017-04-13,5.399320880590524e-05,6.546375e-05,6.759311e-05
2017-04-18,1.677909773545554e-05,7.4218566e-05,7.233909e-05
2017-04-19,3.62127476850111e-05,6.343648e-05,6.731404e-05
2017-04-20,4.711013407563454e-05,6.941458e-05,6.956294e-05
2017-04-21,0.000205403234262,7.2598894e-05,7.139818e-05
2017-04-24,1.853256789144964e-05,0.00015586622,0.00013439017
2017-04-25,1.7010850351008658e-05,6.352895e-05,7.27379e-05
2017-04-26,1.900228072110597e-05,6.303528e-05,7.259296e-05
2017-04-27,1.6151554446399137e-05,6.363955e-05,7.204874e-05
2017-04-28,1.6358469455960693e-05,6.302102e-05,7.04758e-05
2017-05-02,1.1244670969265884e-05,6.6934364e-05,6.641096e-05
2017-05-03,2.0409099404650663e-05,6.5573375e-05,6.5588865e-05
2017-05-04,2.1683446955105707e-05,6.8204645e-05,6.69763e-05
2017-05-05,3.403612590857198e-05,6.855323e-05,6.721238e-05
2017-05-08,1.194087109899749e-05,7.180371e-05,6.925269e-05
2017-05-09,1.24601746787023e-05,6.550524e-05,6.598136e-05
2017-05-10,4.579473037957539e-05,6.544612e-05,6.597196e-05
2017-05-11,1.3002443530359136e-05,7.445878e-05,7.106171e-05
2017-05-12,1.919204141227865e-05,6.506645e-05,6.6214816e-05
2017-05-15,1.1290554219389606e-05,6.722022e-05,6.685946e-05
2017-05-16,6.384647303213813e-05,6.462385e-05,6.560539e-05
2017-05-17,7.906991353366045e-05,7.8342244e-05,7.39033e-05
2017-05-18,1.9473808137729433e-05,8.228188e-05,7.755905e-05
2017-05-19,2.356533711084669e-05,6.530721e-05,6.840305e-05
2017-05-22,3.096253686846668e-05,6.642633e-05,6.9033056e-05
2017-05-23,1.860856623730263e-05,6.8071415e-05,7.0418944e-05
2017-05-24,4.4082733472459915e-05,6.524655e-05,6.772676e-05
2017-05-25,2.8576184282050095e-05,7.195501e-05,6.9965165e-05
2017-05-26,1.039922188707502e-05,6.738209e-05,6.7966575e-05
2017-05-29,3.835192775416248e-05,6.242537e-05,6.539568e-05
2017-05-30,5.404550402268219e-05,7.043418e-05,6.930624e-05
2017-05-31,2.4874423274523083e-05,7.4426265e-05,7.2279065e-05
2017-06-01,3.336217902690631e-05,6.659469e-05,6.7885776e-05
2017-06-02,6.487355793989805e-06,6.910952e-05,6.9213325e-05
2017-06-05,3.15835752396375e-05,6.14175e-05,6.562829e-05
2017-06-06,4.655063649255324e-05,6.881772e-05,6.8778085e-05
2017-06-07,4.937147712846491e-05,7.339688e-05,7.083363e-05
2017-06-08,0.0001022375014022,7.3954245e-05,7.176833e-05
2017-06-09,4.663471243399833e-05,8.9922076e-05,8.3724095e-05
2017-06-12,1.9736633962186396e-05,7.1630755e-05,7.40976e-05
2017-06-13,3.766437547562441e-05,6.4383305e-05,7.050125e-05
2017-06-14,8.274575022202202e-05,6.9735936e-05,7.249719e-05
2017-06-15,4.3330028877761585e-05,8.354395e-05,8.087649e-05
2017-06-16,1.9051965888578955e-05,7.2254115e-05,7.2752e-05
2017-06-19,2.1772359478377408e-05,6.5476714e-05,6.876189e-05
2017-06-20,7.479231972449483e-05,6.6218854e-05,6.915248e-05
2017-06-21,2.42241740400255e-05,8.151449e-05,7.797753e-05
2017-06-22,3.827126361188422e-05,6.77244e-05,6.91782e-05
2017-06-23,3.3667652702374016e-05,7.204506e-05,7.1078386e-05
2017-06-26,6.410697101048419e-05,7.028636e-05,7.066057e-05
2017-06-27,7.10975262365564e-05,7.833055e-05,7.597414e-05
2017-06-28,9.905321980371133e-05,8.139457e-05,7.74579e-05
2017-06-29,4.881729073401705e-05,9.03474e-05,8.534921e-05
2017-06-30,2.170792637823937e-05,7.3415395e-05,7.624571e-05
2017-07-03,1.9287662582462854e-05,6.6447996e-05,7.266117e-05
2017-07-04,4.255073452199102e-05,6.605241e-05,7.097429e-05
2017-07-05,5.45869469542293e-05,7.343191e-05,7.330391e-05
2017-07-06,2.2377460091003113e-05,7.8128556e-05,7.4478776e-05
2017-07-07,1.812608992087082e-05,6.9309164e-05,6.937914e-05
2017-07-10,2.650808452336868e-05,6.789968e-05,6.861693e-05
2017-07-11,2.3636771872437025e-05,6.946289e-05,6.950766e-05
2017-07-12,1.386849602413021e-05,6.888587e-05,6.875124e-05
2017-07-13,1.786778941188958e-05,6.700049e-05,6.690376e-05
2017-07-14,2.8927637911574783e-05,6.807937e-05,6.732831e-05
2017-07-17,4.4091625330579536e-05,7.0518596e-05,6.875487e-05
2017-07-18,2.3115662818721995e-05,7.445506e-05,7.113647e-05
2017-07-19,5.418030547766996e-05,6.84899e-05,6.8102134e-05
2017-07-20,6.803293186802288e-05,7.67244e-05,7.3230374e-05
2017-07-21,4.9683510447685475e-05,7.961189e-05,7.618271e-05
2017-07-24,3.600088615360816e-05,7.396033e-05,7.384286e-05
2017-07-25,3.177810010806245e-05,7.026517e-05,7.186916e-05
2017-07-26,3.492301195846472e-05,6.889772e-05,7.155429e-05
2017-07-27,4.0588502453383545e-05,6.990391e-05,7.13441e-05
2017-07-28,2.6385560978659662e-05,7.184081e-05,7.1418835e-05
2017-07-31,4.415889193357527e-05,6.768098e-05,6.877312e-05
2017-08-01,3.598586995287145e-05,7.254144e-05,7.135789e-05
2017-08-02,3.315801556243873e-05,7.0224494e-05,7.033205e-05
2017-08-03,4.343033256904247e-05,6.957811e-05,6.997131e-05
2017-08-04,2.06312825939723e-05,7.246328e-05,7.14606e-05
2017-08-07,2.262823507577872e-05,6.5774555e-05,6.8134716e-05
2017-08-08,6.107283513589853e-05,6.68501e-05,6.801672e-05
2017-08-09,5.988385645241327e-05,7.765479e-05,7.410826e-05
2017-08-10,5.877830247628145e-05,7.6973905e-05,7.449684e-05
2017-08-11,2.5147995203100235e-05,7.660269e-05,7.4724565e-05
2017-08-14,2.3237820902323857e-05,6.711503e-05,7.033625e-05
2017-08-15,1.315453817611904e-05,6.661391e-05,7.013903e-05
2017-08-16,4.107457536976707e-05,6.458588e-05,6.765331e-05
2017-08-17,4.0395079650706016e-05,7.297108e-05,7.1103044e-05
2017-08-18,3.3895738199860614e-05,7.336525e-05,7.088824e-05
2017-08-21,1.937079092375561e-05,7.1115304e-05,6.9958085e-05
2017-08-22,3.671455491672806e-05,6.661366e-05,6.772457e-05
2017-08-23,2.158086515854648e-05,7.091194e-05,7.036001e-05
2017-08-24,3.7845882598587146e-05,6.6908986e-05,6.795546e-05
2017-08-25,3.0305827019303235e-05,7.168592e-05,7.017098e-05
2017-08-28,4.914652851018518e-05,6.956882e-05,6.904699e-05
2017-08-29,1.886542469182396e-05,7.433865e-05,7.2179544e-05
2017-08-30,1.738688438478452e-05,6.601508e-05,6.768943e-05
2017-08-31,3.495914378350692e-05,6.545452e-05,6.731504e-05
2017-09-01,1.650200010708268e-05,7.055163e-05,6.96437e-05
2017-09-04,2.7810100792873864e-05,6.5441076e-05,6.687985e-05
2017-09-05,2.9857378860322623e-05,6.905164e-05,6.8040994e-05
2017-09-06,4.7739422908937536e-05,6.945898e-05,6.8511974e-05
2017-09-07,3.1281445510674936e-05,7.408636e-05,7.152485e-05
2017-09-08,1.6220884403009422e-05,6.9192596e-05,6.903826e-05
2017-09-11,9.073689778792913e-06,6.449638e-05,6.685521e-05
2017-09-12,1.179935868719896e-05,6.2453626e-05,6.54512e-05
2017-09-13,1.690407796606346e-05,6.354598e-05,6.546329e-05
2017-09-14,2.2120382072624876e-05,6.568563e-05,6.566035e-05
2017-09-15,1.0700237783076262e-05,6.747769e-05,6.6383276e-05
2017-09-18,7.536719580153963e-06,6.406677e-05,6.453811e-05
2017-09-19,1.1075047260128463e-05,6.2906365e-05,6.394175e-05
2017-09-20,1.2609589812302376e-05,6.3736545e-05,6.4295156e-05
2017-09-21,1.956989738791618e-05,6.421878e-05,6.444651e-05
2017-09-22,1.9146724069858056e-05,6.612341e-05,6.5346285e-05
2017-09-25,9.649609646245706e-06,6.578007e-05,6.534477e-05
2017-09-26,1.312974915840543e-05,6.275844e-05,6.394448e-05
2017-09-27,8.08008085474735e-06,6.355575e-05,6.436357e-05
2017-09-28,1.0844998529426068e-05,6.185324e-05,6.3494306e-05
2017-09-29,7.495296980094946e-06,6.278228e-05,6.367231e-05
2017-10-02,2.8024900380966087e-06,6.201132e-05,6.3023006e-05
2017-10-03,1.3134339304456634e-05,6.0544786e-05,6.2215295e-05
2017-10-04,1.6274031548813513e-05,6.347689e-05,6.357122e-05
2017-10-05,1.118594280982778e-05,6.4080625e-05,6.403533e-05
2017-10-06,1.4078964283955952e-05,6.24491e-05,6.330719e-05
2017-10-09,1.3626315892779357e-05,6.282511e-05,6.3673804e-05
2017-10-10,1.0822238796789684e-05,6.228254e-05,6.373944e-05
2017-10-11,5.959711371460738e-06,6.148593e-05,6.333025e-05
2017-10-12,1.178761029901363e-05,6.0309343e-05,6.253632e-05
2017-10-13,9.333133121326008e-06,6.19657e-05,6.328146e-05
2017-10-16,7.936607228352465e-06,6.130792e-05,6.286921e-05
2017-10-17,8.29205698366079e-06,6.0917468e-05,6.255375e-05
2017-10-18,2.564929687563712e-05,6.105821e-05,6.254909e-05
2017-10-19,1.2444475789356743e-05,6.572654e-05,6.5122156e-05
2017-10-20,2.360643828490381e-05,6.193745e-05,6.347147e-05
2017-10-23,1.9546837253318815e-05,6.489553e-05,6.515072e-05
2017-10-24,2.3371219509815137e-05,6.345587e-05,6.4830485e-05
2017-10-25,5.028818738577168e-05,6.42315e-05,6.557579e-05
2017-10-26,3.184337336612633e-05,7.17217e-05,6.978393e-05
2017-10-27,1.3004154011015712e-05,6.6138484e-05,6.767038e-05
2017-10-30,6.7903615028324e-06,6.103792e-05,6.5131615e-05
2017-10-31,1.820049398903132e-05,5.9518556e-05,6.408959e-05
2017-11-01,1.5753116194124095e-05,6.300685e-05,6.540588e-05
2017-11-02,1.4345849209182038e-05,6.3239495e-05,6.4567284e-05
2017-11-03,1.6664049101585172e-05,6.32622e-05,6.410426e-05
2017-11-06,2.0568510586832976e-05,6.384333e-05,6.445848e-05
2017-11-07,2.0850618901290655e-05,6.471833e-05,6.52088e-05
2017-11-08,5.7735816374290965e-05,6.479603e-05,6.530979e-05
2017-11-09,2.7926687941847677e-05,7.445817e-05,7.1266295e-05
2017-11-10,5.004595752272141e-05,6.604557e-05,6.735964e-05
2017-11-13,3.903929222444261e-05,7.19832e-05,7.115573e-05
2017-11-14,4.5878432150228624e-05,6.866318e-05,7.0094575e-05
2017-11-15,2.506530576580597e-05,7.040458e-05,7.168718e-05
2017-11-16,3.953010506062659e-05,6.535518e-05,6.835408e-05
2017-11-17,3.327379855251279e-05,6.944844e-05,7.053375e-05
2017-11-20,2.805111753702301e-05,6.809772e-05,6.938678e-05
2017-11-21,2.505871367185381e-05,6.69991e-05,6.8541514e-05
2017-11-22,3.395275055396958e-05,6.664837e-05,6.7763074e-05
2017-11-23,3.14798017432173e-05,6.911424e-05,6.918929e-05
2017-11-24,4.747955856335547e-05,6.8667985e-05,6.873978e-05
2017-11-27,4.4800234725766e-05,7.289272e-05,7.122641e-05
2017-11-28,3.9476991101029737e-05,7.184128e-05,7.11803e-05
2017-11-29,4.897945947700051e-05,7.02065e-05,7.079735e-05
2017-11-30,0.0001159434049867,7.2946204e-05,7.256061e-05
2017-12-01,5.697150808102123e-05,9.352792e-05,8.942229e-05
2017-12-04,4.531089158860107e-05,7.452398e-05,7.6481854e-05
2017-12-05,5.155824220993519e-05,7.151177e-05,7.507196e-05
2017-12-06,1.9304464642224314e-05,7.332491e-05,7.631881e-05
2017-12-07,1.992226216631183e-05,6.515761e-05,7.161945e-05
2017-12-08,1.3726517548962109e-05,6.688672e-05,6.9084796e-05
2017-12-11,2.8914634601403132e-05,6.572109e-05,6.738888e-05
2017-12-12,1.9844920167331977e-05,7.0473245e-05,6.921726e-05
2017-12-13,3.9628438642807265e-05,6.8359586e-05,6.7483554e-05
2017-12-14,2.775417252495737e-05,7.3553776e-05,7.055518e-05
2017-12-15,1.987959039147791e-05,6.980377e-05,6.87778e-05
2017-12-18,1.4416623796899816e-05,6.735442e-05,6.7777815e-05
2017-12-19,4.2580632868133904e-05,6.591089e-05,6.673414e-05
2017-12-20,1.8851221587761164e-05,7.352728e-05,7.0972776e-05
2017-12-21,1.583547414133612e-05,6.713664e-05,6.735098e-05
2017-12-22,2.0012229631968233e-05,6.647368e-05,6.673901e-05
2017-12-27,1.422436328994864e-05,6.75449e-05,6.723758e-05
2017-12-28,9.800507353187277e-06,6.573793e-05,6.638697e-05
2017-12-29,4.4088400448724014e-05,6.491545e-05,6.5224915e-05
2018-01-02,2.1585337752521488e-05,7.413966e-05,7.042794e-05
2018-01-03,2.2557050002693857e-05,6.739405e-05,6.709079e-05
2018-01-04,3.082188233759079e-05,6.737903e-05,6.714391e-05
2018-01-05,1.5857054067664033e-05,6.860312e-05,6.8136855e-05
2018-01-08,1.646757113021791e-05,6.380636e-05,6.606376e-05
2018-01-09,3.599098669368535e-05,6.438265e-05,6.5594606e-05
2018-01-10,2.734759997759486e-05,6.9500216e-05,6.8389076e-05
2018-01-11,2.12509532689162e-05,6.697957e-05,6.72883e-05
2018-01-12,1.3719462074169577e-05,6.5470755e-05,6.633566e-05
2018-01-15,2.372933141160141e-05,6.3362306e-05,6.533585e-05
2018-01-16,2.6127733014874855e-05,6.601376e-05,6.67176e-05
2018-01-17,2.219378051039422e-05,6.699097e-05,6.6938854e-05
2018-01-18,3.390961456866584e-05,6.583169e-05,6.6253706e-05
2018-01-19,1.0901064428177633e-05,6.894416e-05,6.80675e-05
2018-01-22,2.1720729287460244e-05,6.233574e-05,6.4956825e-05
2018-01-23,1.801676577973702e-05,6.554967e-05,6.6320375e-05
2018-01-24,4.873638032712796e-05,6.446362e-05,6.5614404e-05
2018-01-25,1.700028561254189e-05,7.290386e-05,7.034051e-05
2018-01-26,1.6965407689955327e-05,6.4217515e-05,6.575718e-05
2018-01-29,3.372560387147237e-05,6.403663e-05,6.583485e-05
2018-01-30,2.116382897392532e-05,6.872852e-05,6.832826e-05
2018-01-31,6.53320995001469e-05,6.515287e-05,6.6730936e-05
2018-02-01,5.88766655666436e-05,7.70548e-05,7.3407704e-05
2018-02-02,6.214194119326138e-05,7.509266e-05,7.3251926e-05
2018-02-05,0.0003926124063844,7.534705e-05,7.4809584e-05
2018-02-06,7.59109023713185e-05,0.00022483806,0.00020533668
2018-02-07,0.0001090139747284,8.851854e-05,0.000101493824
2018-02-08,0.0002362897442452,0.00010313658,0.00011898676
2018-02-09,8.261966598001235e-05,0.00020326985,0.00019616671
2018-02-12,7.185279497070552e-05,0.00010823658,0.00013136008
2018-02-13,0.0001564042381885,8.764897e-05,9.357927e-05
2018-02-14,6.827625842097607e-05,0.00014887936,0.00014265925
2018-02-15,3.8253500374547373e-05,8.894942e-05,9.607886e-05
2018-02-16,2.3794247730917973e-05,7.672113e-05,8.0742684e-05
2018-02-19,5.242862852224783e-05,7.234364e-05,7.676403e-05
2018-02-20,3.757747824527721e-05,8.018342e-05,8.004929e-05
2018-02-21,5.368696775584182e-05,7.81735e-05,7.568179e-05
2018-02-22,3.434390345885805e-05,8.342027e-05,7.822727e-05
2018-02-23,2.404870493846732e-05,7.81119e-05,7.5298085e-05
2018-02-26,3.1377400733174117e-05,7.493656e-05,7.357019e-05
2018-02-27,3.178242937809068e-05,7.766425e-05,7.460064e-05
2018-02-28,7.751416537682468e-05,7.804872e-05,7.469683e-05
2018-03-01,9.726143530676792e-05,9.4411575e-05,8.304239e-05
2018-03-02,8.428933778539336e-05,9.5755306e-05,8.679202e-05
2018-03-05,6.303115591481528e-05,9.323835e-05,8.616498e-05
2018-03-06,8.622313452981495e-05,8.679674e-05,8.338377e-05
2018-03-07,5.9780106193668e-05,9.385416e-05,8.9214474e-05
2018-03-08,5.5331638750624085e-05,8.214039e-05,8.249629e-05
2018-03-09,3.346257178987647e-05,8.003146e-05,8.027977e-05
2018-03-12,5.373709479507157e-05,7.3868134e-05,7.561691e-05
2018-03-13,4.930973771142908e-05,7.783536e-05,7.738258e-05
2018-03-14,3.7746680027339074e-05,7.704383e-05,7.571351e-05
2018-03-15,3.487786609394315e-05,7.395108e-05,7.34396e-05
2018-03-16,5.6648844459568147e-05,7.2541814e-05,7.218642e-05
2018-03-19,4.128517228580163e-05,7.813001e-05,7.57093e-05
2018-03-20,3.691827619434213e-05,7.404795e-05,7.3216645e-05
2018-03-21,0.0001038522362971,7.320607e-05,7.2454684e-05
2018-03-22,0.0001071256394758,9.3348564e-05,8.584045e-05
2018-03-23,9.03633640059643e-05,9.3607916e-05,8.9124e-05
2018-03-26,7.361198192980179e-05,8.967918e-05,8.662313e-05
2018-03-27,0.0001120700299033,8.417489e-05,8.439776e-05
2018-03-28,4.917999686926577e-05,9.7744974e-05,9.843591e-05
2018-03-29,5.034589235487052e-05,7.7571895e-05,8.2004306e-05
2018-04-03,7.837245198598324e-05,7.746753e-05,7.990321e-05
2018-04-04,6.582195064002418e-05,8.7339315e-05,8.425776e-05
2018-04-05,5.151549571321647e-05,8.187201e-05,8.1390535e-05
2018-04-06,4.172884240537425e-05,7.771041e-05,7.753228e-05
2018-04-09,4.2136249624202105e-05,7.493178e-05,7.588493e-05
2018-04-10,3.019063792775107e-05,7.482917e-05,7.556117e-05
2018-04-11,2.607582384402844e-05,7.216663e-05,7.2671544e-05
2018-04-12,2.110656669843574e-05,7.165362e-05,7.13472e-05
2018-04-13,1.9030702476537463e-05,7.084199e-05,7.023922e-05
2018-04-16,1.50369295099973e-05,7.047952e-05,6.956222e-05
2018-04-17,1.8310470391233824e-05,6.9675545e-05,6.857433e-05
2018-04-18,1.948582278614857e-05,7.072454e-05,6.8835405e-05
2018-04-19,4.1767031448762026e-05,7.1082126e-05,6.886539e-05
2018-04-20,2.0254127086353363e-05,7.684785e-05,7.229617e-05
2018-04-23,2.9581900431466032e-05,7.046588e-05,6.8988695e-05
2018-04-24,4.846005660007902e-05,7.272989e-05,7.041254e-05
2018-04-25,3.080780501108748e-05,7.69372e-05,7.325055e-05
2018-04-26,2.6792402754213135e-05,7.093432e-05,7.0387185e-05
2018-04-27,1.5539177231282708e-05,6.957772e-05,6.9348025e-05
2018-04-30,9.275621110634732e-09,6.59511e-05,6.752032e-05
2018-05-01,2.058698311909233e-05,6.121219e-05,6.458587e-05
2018-05-02,2.090397972300683e-05,6.752089e-05,6.681231e-05
2018-05-03,2.0476628836107855e-05,6.758709e-05,6.663128e-05
2018-05-04,1.1850731138627806e-05,6.71036e-05,6.622774e-05
2018-05-07,1.9204042209209453e-05,6.4242005e-05,6.468523e-05
2018-05-08,1.484368468816693e-05,6.5609165e-05,6.580333e-05
2018-05-09,2.1748737242727085e-05,6.425824e-05,6.5019085e-05
2018-05-10,1.596653894456556e-05,6.603781e-05,6.5882035e-05
2018-05-11,2.3271830619287186e-05,6.4361724e-05,6.497618e-05
2018-05-14,1.9382148175909942e-05,6.6160086e-05,6.611032e-05
2018-05-15,2.279220177034974e-05,6.502553e-05,6.5579465e-05
2018-05-16,1.7003955834779334e-05,6.584761e-05,6.616254e-05
2018-05-17,3.8621098472674705e-05,6.431825e-05,6.533488e-05
2018-05-18,6.13976839015375e-06,7.015682e-05,6.869324e-05
2018-05-21,2.2378918877249515e-05,6.113404e-05,6.4099826e-05
2018-05-22,5.3853529596357193e-05,6.554723e-05,6.61206e-05
2018-05-23,4.788457231075904e-05,7.412943e-05,7.1094735e-05
2018-05-24,6.0372619156986766e-05,7.184655e-05,7.083341e-05
2018-05-25,6.335529606426786e-05,7.501532e-05,7.3129e-05
2018-05-28,0.0001685907521763,7.488414e-05,7.49904e-05
2018-05-29,7.559845369690493e-05,0.00012652572,0.000117225536
2018-05-30,9.615136713522568e-05,7.8903395e-05,8.401649e-05
2018-05-31,4.019470671396663e-05,8.847739e-05,9.268796e-05
2018-06-01,3.047734505725829e-05,6.982395e-05,8.040715e-05
2018-06-04,4.715372505899126e-05,6.697063e-05,7.78003e-05
2018-06-05,4.790081853790201e-05,7.2554685e-05,7.494427e-05
2018-06-06,3.620992005499165e-05,7.360999e-05,7.4453696e-05
2018-06-07,6.570822798667164e-05,7.16981e-05,7.1590795e-05
2018-06-08,2.710464455527254e-05,8.0157035e-05,7.663864e-05
2018-06-11,2.772117249111057e-05,6.914387e-05,7.109209e-05
2018-06-12,2.0318813241130285e-05,6.9800124e-05,7.0766386e-05
2018-06-13,6.182920864139672e-05,6.830682e-05,6.932529e-05
2018-06-14,3.196456101936912e-05,7.997336e-05,7.588943e-05
2018-06-15,4.2267082368562594e-05,7.229388e-05,7.101808e-05
2018-06-18,8.540712801310702e-05,7.511034e-05,7.276273e-05
2018-06-19,3.415398686415968e-05,8.8572895e-05,8.146709e-05
2018-06-20,6.379635856675261e-05,7.1875365e-05,7.3395764e-05
2018-06-21,4.380722366621224e-05,8.082007e-05,7.777727e-05
2018-06-22,5.712128604802683e-05,7.4578966e-05,7.511289e-05
2018-06-25,2.524609388001636e-05,7.809889e-05,7.7391465e-05
2018-06-26,9.97961703655002e-05,7.0038855e-05,7.146568e-05
2018-06-27,9.6621540203936e-05,9.241435e-05,8.558626e-05
2018-06-28,8.17425484279104e-05,9.086305e-05,8.575278e-05
2018-06-29,9.271664843488663e-05,8.4553925e-05,8.3465246e-05
2018-07-02,6.017569442802804e-05,8.910826e-05,8.74303e-05
2018-07-03,1.2743855118066071e-05,7.84265e-05,8.264657e-05
2018-07-04,5.347247344077337e-05,6.510962e-05,7.365265e-05
2018-07-05,4.4412161121572255e-05,7.624794e-05,7.704973e-05
2018-07-06,2.059792477144299e-05,7.440556e-05,7.483549e-05
2018-07-09,1.997331494334959e-05,6.905076e-05,7.007189e-05
2018-07-10,4.312884431732242e-05,6.942261e-05,6.922036e-05
2018-07-11,2.645698791827931e-05,7.548083e-05,7.291976e-05
2018-07-12,1.9892766714051164e-05,7.133162e-05,7.024804e-05
2018-07-13,1.5097457339043082e-05,7.002817e-05,6.9089154e-05
2018-07-16,3.1790186838866345e-05,6.837164e-05,6.811759e-05
2018-07-17,1.7959402926439008e-05,7.287502e-05,7.060393e-05
2018-07-18,2.5901167782967565e-05,6.9293084e-05,6.828103e-05
2018-07-19,8.474295334236997e-05,7.10579e-05,6.910623e-05
2018-07-20,2.4981560920818582e-05,8.727764e-05,7.971283e-05
2018-07-23,3.8096240542104365e-05,6.912376e-05,6.99045e-05
2018-07-24,2.111429064365352e-05,7.268335e-05,7.176109e-05
2018-07-25,4.473911317557028e-05,6.744126e-05,6.938937e-05
2018-07-26,1.5388395844475768e-05,7.391982e-05,7.29899e-05
2018-07-27,1.2480516393254056e-05,6.640733e-05,6.7569745e-05
2018-07-30,2.8411450871044336e-05,6.512798e-05,6.6633555e-05
2018-07-31,1.989846832476955e-05,6.945436e-05,6.840585e-05
2018-08-01,4.470526983531928e-05,6.640012e-05,6.690489e-05
2018-08-02,2.3915221640144132e-05,7.337602e-05,7.034861e-05
2018-08-03,4.24710319479736e-05,6.731205e-05,6.754081e-05
2018-08-06,1.6113968642646175e-05,7.182249e-05,7.050276e-05
2018-08-07,2.042303864764775e-05,6.430869e-05,6.6615896e-05
2018-08-08,2.598326869741113e-05,6.553e-05,6.717259e-05
2018-08-09,6.450009501113692e-05,6.762157e-05,6.76692e-05
2018-08-10,4.72855173476523e-05,7.7667886e-05,7.391178e-05
2018-08-13,3.423579506021016e-05,7.3022995e-05,7.151275e-05
2018-08-14,6.116587598196747e-05,6.8978225e-05,7.007102e-05
2018-08-15,2.813489248958659e-05,7.613773e-05,7.484946e-05
2018-08-16,3.564985467123056e-05,6.6794484e-05,7.0523514e-05
2018-08-17,2.1426640421854854e-05,6.9611415e-05,7.07795e-05
2018-08-20,2.5509409182765703e-05,6.6091336e-05,6.8370224e-05
2018-08-21,2.1132471796903212e-05,6.693242e-05,6.849637e-05
2018-08-22,1.9413590369869e-05,6.659419e-05,6.727566e-05
2018-08-23,2.272295092331913e-05,6.6143606e-05,6.683998e-05
2018-08-24,2.1078088742082348e-05,6.7413464e-05,6.710876e-05
2018-08-27,1.581163054963986e-05,6.674139e-05,6.677562e-05
2018-08-28,2.106949195209833e-05,6.546558e-05,6.593669e-05
2018-08-29,3.834937287861718e-05,6.7050205e-05,6.668226e-05
2018-08-30,4.639673910568283e-05,7.1642105e-05,6.942242e-05
2018-08-31,2.1838670560808137e-05,7.3620904e-05,7.094289e-05
2018-09-03,6.224183025718726e-05,6.636071e-05,6.745624e-05
2018-09-04,5.8141518707147206e-05,7.7179364e-05,7.413771e-05
2018-09-05,4.137940548004408e-05,7.5261974e-05,7.420381e-05
2018-09-06,4.011035263671509e-05,7.07042e-05,7.2060866e-05
2018-09-07,2.140419582091034e-05,7.063891e-05,7.181008e-05
2018-09-10,3.081332286825564e-05,6.536797e-05,6.947079e-05
2018-09-11,5.005398136260084e-05,6.832712e-05,6.974723e-05
2018-09-12,3.996680089125834e-05,7.405273e-05,7.227552e-05
2018-09-13,2.7168070477150725e-05,7.124505e-05,7.0846494e-05
2018-09-14,3.563165758807858e-05,6.758316e-05,6.872356e-05
2018-09-17,4.2768914470442066e-05,6.973787e-05,7.0149974e-05
2018-09-18,2.400867294310185e-05,7.1562936e-05,7.138609e-05
2018-09-19,2.4970277857025928e-05,6.682592e-05,6.8372094e-05
2018-09-20,2.7613442282669457e-05,6.745291e-05,6.8259375e-05
2018-09-21,1.851653185668148e-05,6.825727e-05,6.8644935e-05
2018-09-24,3.045165422305205e-05,6.604781e-05,6.7188346e-05
2018-09-25,1.545903467866862e-05,6.983003e-05,6.867221e-05
2018-09-26,3.0697864996531475e-05,6.568535e-05,6.6492175e-05
2018-09-27,6.938917986697656e-05,7.0049406e-05,6.87171e-05
2018-09-28,2.108816152842056e-05,8.000027e-05,7.528394e-05
2018-10-01,5.393101369943888e-05,6.651564e-05,6.816103e-05
2018-10-02,2.0407445591219063e-05,7.544005e-05,7.3195246e-05
2018-10-03,6.166658400771876e-05,6.577527e-05,6.868149e-05
2018-10-04,4.563254533401387e-05,7.6787204e-05,7.495852e-05
2018-10-05,3.243039069150623e-05,7.264422e-05,7.210717e-05
2018-10-08,6.429639838456768e-05,6.859469e-05,7.0553244e-05
2018-10-09,5.305892496996444e-05,7.761385e-05,7.5351236e-05
2018-10-10,0.0001609270854249,7.401409e-05,7.452309e-05
2018-10-11,8.565187131172897e-05,0.000115142684,0.00010854625
2018-10-12,5.946673009662852e-05,8.430859e-05,8.554447e-05
2018-10-15,6.063785834603912e-05,7.626953e-05,8.165045e-05
2018-10-16,7.328361136104985e-05,7.695457e-05,8.174642e-05
2018-10-17,7.419649692173826e-05,8.173386e-05,8.502644e-05
2018-10-18,0.0001070424094839,8.154674e-05,8.1499995e-05
2018-10-19,5.949854242196539e-05,9.313783e-05,9.03707e-05
2018-10-22,0.0001235748202829,7.795346e-05,8.023058e-05
2018-10-23,9.393705285661244e-05,9.937685e-05,9.849338e-05
2018-10-24,0.0001326025315549,9.188477e-05,9.110499e-05
2018-10-25,0.0001376122699201,0.00011357911,0.00011012107
2018-10-26,7.360899524842839e-05,0.00011983584,0.00011664276
2018-10-29,0.0001403788980636,8.9919704e-05,9.33393e-05
2018-10-30,9.037635053317551e-05,0.00012633056,0.00012249814
2018-10-31,7.813396149530441e-05,9.5204894e-05,9.846671e-05
2018-11-01,9.094494998742072e-05,9.23252e-05,9.203743e-05
2018-11-02,3.509766484020291e-05,9.504796e-05,9.22253e-05
2018-11-05,5.680941942030495e-05,7.8291974e-05,8.228196e-05
2018-11-06,2.8190841458084834e-05,8.3680774e-05,8.208813e-05
2018-11-07,3.9631276478906664e-05,7.595866e-05,7.6312375e-05
2018-11-08,5.6298661651372616e-05,7.932982e-05,7.707783e-05
2018-11-09,5.3040366540139177e-05,8.561654e-05,7.9521655e-05
2018-11-12,5.3822188888552823e-05,8.264703e-05,7.840047e-05
2018-11-13,7.423578844978049e-05,8.2661194e-05,7.8304525e-05
2018-11-14,8.293958413395132e-05,9.0948684e-05,8.28263e-05
2018-11-15,7.97205144766018e-05,9.242929e-05,8.514947e-05
2018-11-16,6.060212662360144e-05,9.123406e-05,8.520977e-05
2018-11-19,0.0001160203192995,8.3494284e-05,8.193344e-05
2018-11-20,6.299723391054506e-05,0.000100034275,9.458343e-05
2018-11-21,4.172845063842543e-05,8.5480715e-05,8.423486e-05
2018-11-22,5.12806160062143e-05,7.722214e-05,7.918749e-05
2018-11-23,4.606919771496708e-05,7.9434634e-05,7.9499056e-05
2018-11-26,6.497881849366691e-05,7.7424615e-05,7.8038334e-05
2018-11-27,3.780152682099149e-05,8.3383595e-05,7.924599e-05
2018-11-28,6.116124511661004e-05,7.5364886e-05,7.449974e-05
2018-11-29,3.720899969444832e-05,8.1100276e-05,7.80104e-05
2018-11-30,8.79459660642821e-05,7.39368e-05,7.4026764e-05
2018-12-03,3.9986419763475335e-05,9.1348156e-05,8.373422e-05
2018-12-04,5.646825575233456e-05,7.4035495e-05,7.466285e-05
2018-12-05,0.0001315202913138,7.84723e-05,7.75106e-05
2018-12-06,6.66181796563877e-05,0.00010152298,9.540112e-05
2018-12-07,7.594248680380358e-05,8.223067e-05,8.2388884e-05
2018-12-10,8.060258147861119e-05,8.606126e-05,8.389651e-05
2018-12-11,5.886759382112747e-05,8.9047004e-05,8.653464e-05
2018-12-12,7.58351512678293e-05,8.080759e-05,8.2619685e-05
2018-12-13,6.165066226152598e-05,8.65739e-05,8.3666346e-05
2018-12-14,5.7941792723490366e-05,8.108494e-05,8.0921556e-05
2018-12-17,6.426632005105074e-05,7.976458e-05,7.9769256e-05
2018-12-18,3.485813627782474e-05,8.180095e-05,8.020758e-05
2018-12-19,4.985636778220488e-05,7.3471456e-05,7.536566e-05
2018-12-20,0.0001235881827846,7.73795e-05,7.645651e-05
2018-12-21,9.078565633334416e-06,9.896714e-05,9.222215e-05
2018-12-24,0.0001151905454574,6.6543544e-05,7.1702314e-05
2018-12-27,6.423517348572342e-05,9.648894e-05,9.03006e-05
2018-12-28,9.096479295351226e-06,8.174718e-05,8.151114e-05
2018-12-31,9.024674135160696e-05,6.647009e-05,7.3007745e-05
2019-01-02,9.286240855181469e-05,9.29489e-05,8.462996e-05
2019-01-03,0.0001118376860605,9.212748e-05,8.74456e-05
2019-01-04,5.819392829643656e-05,9.652837e-05,9.121619e-05
2019-01-07,6.975375146455366e-05,8.055021e-05,8.0934944e-05
2019-01-08,3.609350247444854e-05,8.5969434e-05,8.51772e-05
2019-01-09,5.791244687941962e-05,7.441019e-05,7.810063e-05
2019-01-10,5.724956585174419e-05,7.987208e-05,7.978341e-05
2019-01-11,3.866999520988751e-05,8.025569e-05,7.821668e-05
2019-01-14,5.3174815212819934e-05,7.503574e-05,7.495338e-05
2019-01-15,3.1116683639272496e-05,7.929574e-05,7.656282e-05
2019-01-16,3.922825077947006e-05,7.2867755e-05,7.32119e-05
2019-01-17,4.4268168054641584e-05,7.529137e-05,7.381051e-05
2019-01-18,9.662628925260958e-06,7.689102e-05,7.431964e-05
2019-01-21,3.4344311069251096e-05,6.723296e-05,6.891128e-05
2019-01-22,3.6670164064260434e-05,7.449175e-05,7.198411e-05
2019-01-23,6.163445664816889e-05,7.5042655e-05,7.238364e-05
2019-01-24,2.769557813759434e-05,8.177139e-05,7.657622e-05
2019-01-25,2.9067046572943264e-05,7.1589e-05,7.0732516e-05
2019-01-28,2.6579407280364244e-05,7.1697854e-05,7.1279064e-05
2019-01-29,2.5791881525226148e-05,7.0387076e-05,7.043467e-05
2019-01-30,4.965955922450869e-05,7.008033e-05,7.000308e-05
2019-01-31,4.255788734874155e-05,7.756502e-05,7.359728e-05
2019-02-01,3.947784499406019e-05,7.475537e-05,7.231759e-05
2019-02-04,3.4882621492207316e-05,7.3154086e-05,7.176999e-05
2019-02-05,2.0758599320171876e-05,7.096046e-05,7.096813e-05
2019-02-06,5.533154224123289e-05,6.6715686e-05,6.88429e-05
2019-02-07,4.721452871032914e-05,7.6349956e-05,7.372862e-05
2019-02-08,4.377218951891841e-05,7.4010546e-05,7.2608906e-05
2019-02-11,2.121369718735635e-05,7.279694e-05,7.213694e-05
2019-02-12,2.4806010763334132e-05,6.6368186e-05,6.8720605e-05
2019-02-13,5.271925703968346e-05,6.717754e-05,6.921961e-05
2019-02-14,4.774647886938089e-05,7.520799e-05,7.304274e-05
2019-02-15,1.6551360809470637e-05,7.3916504e-05,7.236678e-05
2019-02-18,4.596712289721253e-05,6.5419656e-05,6.7555244e-05
2019-02-19,3.552039451806463e-05,7.327986e-05,7.1989154e-05
2019-02-20,3.642862374538398e-05,7.0258786e-05,7.083047e-05
2019-02-21,2.2287371709050044e-05,7.092435e-05,7.066441e-05
2019-02-22,1.7804857118824647e-05,6.7347864e-05,6.829304e-05
2019-02-25,2.5027036188460255e-05,6.564625e-05,6.752333e-05
2019-02-26,1.9658544867803264e-05,6.8190355e-05,6.816857e-05
2019-02-27,2.5869950810883093e-05,6.694489e-05,6.718703e-05
2019-02-28,2.465252120281937e-05,6.897002e-05,6.791834e-05
2019-03-01,1.683037695555684e-05,6.85548e-05,6.7752335e-05
2019-03-04,2.1479884698484524e-05,6.604576e-05,6.6527304e-05
2019-03-05,2.4929743666341836e-05,6.727689e-05,6.7002984e-05
2019-03-06,6.8579835888437e-05,6.8012356e-05,6.748612e-05
2019-03-07,3.9225492377298376e-05,7.907957e-05,7.464123e-05
2019-03-08,1.3209883748749724e-05,7.121093e-05,7.051126e-05
2019-03-11,2.7412296994138824e-05,6.349643e-05,6.68321e-05
2019-03-12,1.1382154627598444e-05,6.7222965e-05,6.867984e-05
2019-03-13,3.2397966568706057e-05,6.268694e-05,6.625567e-05
2019-03-14,7.908968881335686e-05,6.9645845e-05,6.85241e-05
2019-03-15,1.43916704635081e-05,8.160009e-05,7.688454e-05
2019-03-18,1.6640225361242885e-05,6.366713e-05,6.683164e-05
2019-03-19,3.2418687488309716e-05,6.4275904e-05,6.677866e-05
2019-03-20,2.829475491410323e-05,6.843985e-05,6.9291345e-05
2019-03-21,7.191682253464625e-05,6.7199064e-05,6.859767e-05
2019-03-22,6.731171593114699e-05,7.939443e-05,7.5240285e-05
2019-03-25,3.17752127679921e-05,7.7911245e-05,7.5382275e-05
2019-03-26,7.068360858223108e-05,6.7608235e-05,7.075849e-05
2019-03-27,3.7495924009997e-05,7.860478e-05,7.747924e-05
2019-03-28,4.502637309349208e-05,6.8846064e-05,7.296811e-05
2019-03-29,3.295673983174253e-05,7.169478e-05,7.328092e-05
2019-04-01,1.9095613466517693e-05,6.904182e-05,7.087896e-05
2019-04-02,2.1102525110649955e-05,6.535778e-05,6.88116e-05
2019-04-03,1.375548864726347e-05,6.702631e-05,6.811666e-05
2019-04-04,1.323345756386428e-05,6.541557e-05,6.676687e-05
2019-04-05,1.498557031243572e-05,6.591754e-05,6.620469e-05
2019-04-08,2.5507874552134706e-05,6.637357e-05,6.601266e-05
2019-04-09,1.6787624836057027e-05,6.91168e-05,6.753161e-05
2019-04-10,2.5766174625765525e-05,6.675089e-05,6.623495e-05
2019-04-11,1.9253014955851556e-05,6.902517e-05,6.76414e-05
2019-04-12,8.756277371123967e-06,6.708452e-05,6.677915e-05
2019-04-15,1.0863425419678467e-05,6.401457e-05,6.517909e-05
2019-04-16,1.4071477778548612e-05,6.4364256e-05,6.4950465e-05
2019-04-17,4.9566526584482656e-05,6.5345615e-05,6.537185e-05
2019-04-18,1.1914307536141508e-05,7.524683e-05,7.098031e-05
2019-04-23,1.903786283684967e-05,6.444598e-05,6.533773e-05
2019-04-24,2.312966902777343e-05,6.616234e-05,6.638959e-05
2019-04-25,2.3716128068684873e-05,6.661361e-05,6.690314e-05
2019-04-26,1.9923701350782564e-05,6.6168e-05,6.6924375e-05
2019-04-29,2.276721560878864e-05,6.568001e-05,6.595361e-05
2019-04-30,2.8706385100886536e-05,6.5814645e-05,6.628378e-05
2019-05-02,1.8390894878677885e-05,6.7210174e-05,6.718992e-05
2019-05-03,8.4577133222327e-05,6.413038e-05,6.5649525e-05
2019-05-06,4.541789341435779e-05,8.095644e-05,7.742949e-05
2019-05-07,6.91574737324192e-05,7.052084e-05,7.110457e-05
2019-05-08,5.535282989728403e-05,7.6802295e-05,7.6035074e-05
2019-05-09,6.121222560407997e-05,7.26497e-05,7.452197e-05
2019-05-10,5.089563362713812e-05,7.3868396e-05,7.665332e-05
2019-05-13,2.8234545139387574e-05,7.1939445e-05,7.4470314e-05
2019-05-14,0.0001384928371147,6.594845e-05,7.1233975e-05
2019-05-15,6.760661895188069e-05,0.00010016284,9.828259e-05
2019-05-16,6.535809479353418e-05,7.725918e-05,7.9207595e-05
2019-05-17,7.551188356715517e-05,7.690681e-05,7.9143894e-05
2019-05-20,3.2030438231846546e-05,8.064414e-05,8.207977e-05
2019-05-21,4.9046118243824594e-05,6.8440684e-05,7.666757e-05
2019-05-22,7.234054454583491e-05,7.41369e-05,7.5632895e-05
2019-05-23,3.58682987478736e-05,8.150435e-05,7.9460035e-05
2019-05-24,2.3038116378605617e-05,7.132527e-05,7.3480034e-05
2019-05-27,6.410495835903922e-05,6.878504e-05,7.0516224e-05
2019-05-28,5.040640472663504e-05,8.029513e-05,7.714957e-05
2019-05-29,2.2704610371210136e-05,7.639143e-05,7.521702e-05
2019-05-30,8.271700175982968e-05,6.965291e-05,7.047941e-05
2019-05-31,3.648237583279401e-05,8.845807e-05,8.1292965e-05
2019-06-03,6.658702700931489e-05,7.2873685e-05,7.387249e-05
2019-06-04,6.155239819307667e-05,8.221988e-05,7.84682e-05
2019-06-05,7.719422354660281e-05,8.002885e-05,7.780736e-05
2019-06-06,5.9501610191863785e-05,8.488219e-05,8.202461e-05
2019-06-07,9.85571646474918e-06,7.90007e-05,7.837555e-05
2019-06-10,2.413379950934612e-05,6.552524e-05,7.10739e-05
2019-06-11,2.9753493563199156e-05,6.958312e-05,7.1537244e-05
2019-06-12,3.0321836206763605e-05,7.167092e-05,7.154535e-05
2019-06-13,3.28935576358294e-05,7.296516e-05,7.108003e-05
2019-06-14,2.0005047522579593e-05,7.3402276e-05,7.0681934e-05
2019-06-17,6.658731734740918e-05,6.9046335e-05,6.867987e-05
2019-06-18,1.6169881623713196e-05,8.14049e-05,7.614585e-05
2019-06-19,2.2828427447114327e-05,6.674856e-05,6.830001e-05
2019-06-20,4.368306767028978e-05,6.8754154e-05,6.903817e-05
2019-06-21,2.16992438990601e-05,7.442927e-05,7.20237e-05
2019-06-24,1.929435619767924e-05,6.76398e-05,6.881781e-05
2019-06-25,2.8762764156942347e-05,6.792698e-05,6.774689e-05
2019-06-26,3.070423553742137e-05,7.03929e-05,6.9237794e-05
2019-06-27,1.9700994280926104e-05,7.046774e-05,6.945509e-05
2019-06-28,5.6492036962092215e-05,6.761175e-05,6.7492205e-05
2019-07-01,1.0701652839196905e-05,7.763113e-05,7.346013e-05
2019-07-02,1.661558806934918e-05,6.4072396e-05,6.650977e-05
2019-07-03,6.471097399942478e-06,6.58809e-05,6.702891e-05
2019-07-04,3.066427338975929e-05,6.30175e-05,6.50801e-05
2019-07-05,1.5843903751909745e-05,6.942033e-05,6.835051e-05
2019-07-08,3.874680398499274e-05,6.5595326e-05,6.551809e-05
2019-07-09,2.654381488193057e-05,7.1312104e-05,6.89976e-05
2019-07-10,3.0325657844743145e-05,6.7725276e-05,6.7451125e-05
2019-07-11,1.5366114481565624e-05,6.829773e-05,6.8318084e-05
2019-07-12,3.487055334356148e-05,6.4245374e-05,6.6053195e-05
2019-07-15,2.2141795914262754e-05,6.942532e-05,6.895843e-05
2019-07-16,2.850457089408098e-05,6.60756e-05,6.693773e-05
2019-07-17,5.3154544929768335e-05,6.792814e-05,6.786881e-05
2019-07-18,4.122002589533564e-05,7.4334224e-05,7.1630595e-05
2019-07-19,2.3190767712812087e-05,7.0520044e-05,7.0459624e-05
2019-07-22,2.8216646885662904e-05,6.5631924e-05,6.783035e-05
2019-07-23,1.842976633435649e-05,6.6792025e-05,6.8539324e-05
2019-07-24,9.800571588979273e-05,6.420576e-05,6.7082765e-05
2019-07-25,3.177155342633825e-05,8.667388e-05,8.162791e-05
2019-07-26,1.6391476270979397e-05,6.795275e-05,6.9819485e-05
2019-07-29,5.38044688996876e-05,6.3654166e-05,6.7702866e-05
2019-07-30,2.068970691902995e-05,7.394706e-05,7.326067e-05
2019-07-31,6.987735305893216e-05,6.4302534e-05,6.897526e-05
2019-08-01,0.0001779529694843,7.916368e-05,7.5518445e-05
2019-08-02,0.0001082036318874,0.00012642442,0.00011520168
2019-08-05,8.029823830729238e-05,9.2393224e-05,9.39664e-05
2019-08-06,8.72876143609314e-05,8.3847204e-05,8.7612716e-05
2019-08-07,5.832174431775471e-05,8.8559056e-05,9.364508e-05
2019-08-08,5.7709440059693125e-05,7.830638e-05,8.671529e-05
2019-08-09,7.438800600069474e-05,7.6864104e-05,8.0373116e-05
2019-08-12,0.0001403812634415,8.244063e-05,8.205573e-05
2019-08-13,9.063983562710418e-05,0.00010925666,0.00010333494
2019-08-14,0.0002435290834166,9.0770176e-05,8.83607e-05
2019-08-15,8.010282484345801e-05,0.00018572422,0.00017743456
2019-08-16,5.458708075363585e-05,9.215687e-05,9.965182e-05
2019-08-19,4.811111255230525e-05,8.5729705e-05,9.292357e-05
2019-08-20,3.646168484205733e-05,8.13702e-05,8.694736e-05
2019-08-21,6.002314389573622e-05,7.685103e-05,8.285418e-05
2019-08-22,0.0001684427669987,8.3593244e-05,7.979871e-05
2019-08-23,8.09318357897767e-05,0.000113446426,0.000108688255
2019-08-26,3.387463757164645e-05,9.227386e-05,8.744553e-05
2019-08-27,7.071906281683818e-05,7.6925564e-05,7.956597e-05
2019-08-28,6.151419055974455e-05,9.068252e-05,8.6742475e-05
2019-08-29,2.5539710316983713e-05,8.7242726e-05,8.535628e-05
2019-08-30,1.6796828880218846e-05,7.5665776e-05,7.5669595e-05
2019-09-02,6.202987629627683e-05,7.3796466e-05,7.317597e-05
2019-09-03,1.846524579607153e-05,8.617007e-05,7.995312e-05
2019-09-04,2.2032479547752607e-05,7.303199e-05,7.217596e-05
2019-09-05,2.7903313299132985e-05,7.4477866e-05,7.200085e-05
2019-09-06,1.0737491252976177e-05,7.558074e-05,7.254628e-05
2019-09-09,2.4136216374227604e-05,7.038357e-05,6.9780544e-05
2019-09-10,1.6367029421353128e-05,7.482816e-05,7.114688e-05
2019-09-11,0.0001077015631318,7.2138675e-05,6.970795e-05
2019-09-12,1.7102656123803756e-05,9.6570635e-05,8.5386666e-05
2019-09-13,2.422039638586651e-05,6.963459e-05,7.000739e-05
2019-09-16,2.6024420965200117e-05,6.94196e-05,7.017199e-05
2019-09-17,1.318841567853596e-05,6.941471e-05,7.019915e-05
2019-09-18,1.851519124939383e-05,6.5482855e-05,6.829975e-05
2019-09-19,2.6014952067200913e-05,6.882846e-05,6.772433e-05
2019-09-20,2.829007768067662e-05,7.067471e-05,6.8828514e-05
2019-09-23,1.1943979197349776e-05,7.0950264e-05,6.90371e-05
2019-09-24,4.3108518272871066e-05,6.521736e-05,6.579557e-05
2019-09-25,2.6800273858609927e-05,7.310746e-05,7.037185e-05
2019-09-26,1.916444836209142e-05,6.8173045e-05,6.8119305e-05
2019-09-27,1.942044514637217e-05,6.569169e-05,6.67789e-05
2019-09-30,5.1899704795758585e-05,6.5604196e-05,6.649987e-05
2019-10-01,6.429423697558955e-05,7.4199335e-05,7.172441e-05
2019-10-02,6.47422998644809e-05,7.76419e-05,7.4178584e-05
2019-10-03,6.444874701053227e-05,7.692028e-05,7.49078e-05
2019-10-04,3.874740893042438e-05,7.626982e-05,7.606278e-05
2019-10-07,6.028364927697208e-05,6.883692e-05,7.316031e-05
2019-10-08,7.117779266487551e-05,7.498349e-05,7.628817e-05
2019-10-09,6.185751039829474e-05,7.89569e-05,7.8548816e-05
2019-10-10,4.669219750494701e-05,7.619878e-05,7.6993754e-05
2019-10-11,3.4241259461403344e-05,7.254007e-05,7.4562246e-05
2019-10-14,5.167504068409298e-05,6.851266e-05,7.26138e-05
2019-10-15,4.473127055768509e-05,7.3858915e-05,7.4725e-05
2019-10-16,6.467363885069948e-05,7.2602765e-05,7.322229e-05
2019-10-17,4.548050943092902e-05,7.8592784e-05,7.628667e-05
2019-10-18,2.520376816944201e-05,7.3386975e-05,7.362311e-05
2019-10-21,2.4626218249830464e-05,6.7939436e-05,7.083173e-05
2019-10-22,3.276505804549413e-05,6.82915e-05,7.008018e-05
2019-10-23,3.647755264556839e-05,7.091177e-05,7.094968e-05
2019-10-24,1.9027757797313577e-05,7.286205e-05,7.1144765e-05
2019-10-25,1.2349754682227782e-05,6.8275076e-05,6.8303496e-05
2019-10-28,1.802964999350898e-05,6.65383e-05,6.716683e-05
2019-10-29,2.4424669660609637e-05,6.831322e-05,6.788281e-05
2019-10-30,4.998666792806159e-05,7.0388734e-05,6.874548e-05
2019-10-31,1.761958386037068e-05,7.737923e-05,7.2724426e-05
2019-11-01,2.2759229351593967e-05,6.7721754e-05,6.7636676e-05
2019-11-04,1.267964960524409e-05,6.857753e-05,6.827974e-05
2019-11-05,1.3797418407884796e-05,6.535808e-05,6.663231e-05
2019-11-06,1.5069932157846586e-05,6.571066e-05,6.6517874e-05
2019-11-07,2.09187372841891e-05,6.650548e-05,6.607984e-05
2019-11-08,1.0891900059474085e-05,6.7660374e-05,6.670282e-05
2019-11-11,1.1761520296225073e-05,6.461786e-05,6.490903e-05
2019-11-12,2.4478309930169055e-05,6.4580694e-05,6.4847365e-05
2019-11-13,1.9730245317697003e-05,6.78866e-05,6.672974e-05
2019-11-14,1.7039857845281122e-05,6.613287e-05,6.592714e-05
2019-11-15,3.0605613162451906e-05,6.5209286e-05,6.538545e-05
2019-11-18,2.3129416048213782e-05,6.832963e-05,6.737071e-05
2019-11-19,2.586752257296715e-05,6.571919e-05,6.640428e-05
2019-11-20,2.9691436098375264e-05,6.647703e-05,6.679271e-05
2019-11-21,3.29350158470932e-05,6.738146e-05,6.747375e-05
2019-11-22,1.1187457390874033e-05,6.793543e-05,6.8158944e-05
2019-11-25,1.0587962769643726e-05,6.19387e-05,6.497077e-05
2019-11-26,1.331138702288376e-05,6.199011e-05,6.465143e-05
2019-11-27,6.8720428087898784e-06,6.3077474e-05,6.4766056e-05
2019-11-28,1.512548809186966e-05,6.167478e-05,6.354903e-05
2019-11-29,6.489148301332935e-05,6.438168e-05,6.4347136e-05
2019-12-02,7.517692942391974e-05,7.632705e-05,7.227918e-05
2019-12-03,4.0108559944229224e-05,7.854982e-05,7.5549484e-05
2019-12-04,3.104776039861834e-05,6.894264e-05,7.041903e-05
2019-12-05,2.2092437483910143e-05,6.609127e-05,7.004854e-05
2019-12-06,1.333742408169123e-05,6.3517924e-05,6.923372e-05
2019-12-09,5.830153351288476e-05,6.20525e-05,6.676913e-05
2019-12-10,3.1101396503039e-05,7.554232e-05,7.259067e-05
2019-12-11,7.060194728010338e-05,6.8136775e-05,6.860866e-05
2019-12-12,8.99589938545273e-05,7.879742e-05,7.554573e-05
2019-12-13,1.581209230004472e-05,8.397244e-05,8.1157275e-05
2019-12-16,1.9310785777451793e-05,6.2659376e-05,6.997033e-05
2019-12-17,1.9276554587627967e-05,6.438948e-05,6.919043e-05
2019-12-18,2.3989003514333508e-05,6.451302e-05,6.882756e-05
2019-12-19,4.778463391098426e-05,6.6791996e-05,6.832201e-05
2019-12-20,8.600511752227934e-06,7.480849e-05,7.1251314e-05
2019-12-23,9.371164279683508e-07,6.356028e-05,6.555814e-05
2019-12-24,1.3559224717242353e-05,6.151719e-05,6.4165666e-05
2019-12-27,1.4503607238915037e-05,6.5292385e-05,6.573518e-05
2019-12-30,2.8666726689026114e-06,6.582288e-05,6.578503e-05
2019-12-31,2.6304955688416927e-05,6.346111e-05,6.3683096e-05
2020-01-02,3.7731523738009594e-05,6.993156e-05,6.732654e-05
2020-01-03,3.734573614485357e-05,7.253321e-05,6.942022e-05
2020-01-06,4.451796377836771e-05,7.1614755e-05,6.941675e-05
2020-01-07,5.462644184308214e-05,7.2687704e-05,7.0632654e-05
2020-01-08,1.8764834139755883e-05,7.448479e-05,7.301179e-05
2020-01-09,2.101747502816391e-05,6.438362e-05,6.8028785e-05
2020-01-10,2.465131523265454e-05,6.5330336e-05,6.7928995e-05
2020-01-13,5.147667943528555e-05,6.6750734e-05,6.816777e-05
2020-01-14,2.2107858169170563e-05,7.421561e-05,7.200768e-05
2020-01-15,2.7676404513672427e-05,6.648886e-05,6.73745e-05
2020-01-16,1.5898814432785063e-05,6.749485e-05,6.805358e-05
2020-01-17,6.589366192738649e-06,6.3586405e-05,6.615109e-05
2020-01-20,2.7437240411978555e-05,6.126502e-05,6.467484e-05
2020-01-21,2.8066759104303463e-05,6.788419e-05,6.706164e-05
2020-01-22,3.776056127369833e-05,6.8000736e-05,6.726644e-05
2020-01-23,3.413859392473509e-05,7.0661874e-05,6.881745e-05
2020-01-24,7.210652957933079e-05,6.907003e-05,6.848691e-05
2020-01-27,4.107816880244143e-05,7.868921e-05,7.577663e-05
2020-01-28,3.0705357927332126e-05,7.0147806e-05,7.12512e-05
2020-01-29,7.574864298807662e-05,6.733705e-05,7.00888e-05
2020-01-30,4.8696400190136965e-05,8.0388745e-05,7.806793e-05
2020-01-31,3.919411702547708e-05,7.226969e-05,7.411453e-05
2020-02-03,2.5339825540427423e-05,7.035742e-05,7.2080365e-05
2020-02-04,5.823843196218155e-05,6.6676424e-05,6.9899055e-05
2020-02-05,3.121937289586546e-05,7.553579e-05,7.4985976e-05
2020-02-06,3.182427589187743e-05,6.8718655e-05,7.0246286e-05
2020-02-07,2.0608985996275705e-05,6.905722e-05,6.988651e-05
2020-02-10,1.5425609017877018e-05,6.629955e-05,6.806197e-05
2020-02-11,1.3263109280660538e-05,6.499962e-05,6.720729e-05
2020-02-12,5.3064604912612086e-05,6.5347034e-05,6.6223845e-05
2020-02-13,1.6798122523827934e-05,7.625269e-05,7.2225e-05
2020-02-14,8.260627610891633e-06,6.616569e-05,6.6774344e-05
2020-02-17,3.0190262020735516e-05,6.384e-05,6.537887e-05
2020-02-18,1.288538022299146e-05,6.990236e-05,6.861639e-05
2020-02-19,1.962931315710598e-05,6.500593e-05,6.628982e-05
2020-02-20,7.069330705685106e-05,6.766423e-05,6.6780245e-05
2020-02-21,0.0001588032609718,8.039881e-05,7.521875e-05
2020-02-24,0.000154750672616,0.000110529785,0.00010349419
2020-02-25,0.0002524076143831,0.00011595912,0.000111517715
2020-02-26,0.0004640228130729,0.00019444228,0.0001844382
2020-02-27,0.0007669231373136,0.0002533941,0.00024351291
2020-02-28,0.000665096874202,0.0003239223,0.00033123573
2020-03-02,0.0005863256299242,0.00036210282,0.00035964133
2020-03-03,0.0002117273702151,0.00039280296,0.00038793855
2020-03-04,0.0002063039901705,0.00025401826,0.00027588074
2020-03-05,0.0004050635458039,0.00024629524,0.00026515234
2020-03-06,0.0021677936385876,0.00032341853,0.00033049303
2020-03-09,0.0009131412048718,0.0006296331,0.00063935167
2020-03-10,0.0006443454313405,0.00055114436,0.00055528624
2020-03-11,0.002756419239668,0.00051644834,0.0005287185
2020-03-12,0.002268286018116,0.0009490259,0.00097673
2020-03-13,0.0035648873843471,0.0011241928,0.0011115319
2020-03-16,0.0030893622285972,0.0013453765,0.0013588483
2020-03-17,0.0017333063087329,0.0015570222,0.0015329479
2020-03-18,0.0012374873196752,0.0013230136,0.0013386841
2020-03-19,0.0021093735407589,0.0010882169,0.0011195487
2020-03-20,0.0021566858480893,0.0014091219,0.0013784922
2020-03-23,0.0012357536337534,0.0013301852,0.0012970569
2020-03-24,0.0012210969605034,0.0009896418,0.0010084144
2020-03-25,0.000740518117549,0.0009726453,0.0009837237
2020-03-26,0.0005172413785716,0.0008016354,0.0007906489
2020-03-27,0.0005684521435554,0.0006698159,0.00062174164
2020-03-30,0.000518213899179,0.00058344635,0.00054309773
2020-03-31,0.000529188515829,0.0005169431,0.00047548572
2020-04-01,0.000505837573323,0.00047369723,0.0004483183
2020-04-02,0.0002451654788126,0.00045040975,0.00043317382
2020-04-03,0.0003458046545987,0.00035112578,0.00035887765
2020-04-06,0.0005350010649439,0.00037134334,0.00037847753
2020-04-07,0.0002092364198249,0.00043581027,0.00042777992
2020-04-08,0.0003542367347617,0.00030960995,0.00033206958
2020-04-09,0.0001681746781709,0.0003431291,0.00035788846
2020-04-14,0.0002472756209061,0.00028569277,0.0003147624
2020-04-15,0.0001891114486832,0.00028935343,0.0003118507
2020-04-16,0.0002279541838671,0.00024869965,0.00027969424
2020-04-17,0.0001670361401339,0.00024969692,0.00026886168
2020-04-20,0.000207720779201,0.0002125634,0.00023408914
2020-04-21,0.0001185596144874,0.0002220608,0.00023480675
2020-04-22,0.0001336593642161,0.00019464016,0.00020887321
2020-04-23,0.0001174669214009,0.0001850609,0.00019789962
2020-04-24,7.340554011693785e-05,0.00016228548,0.00018100179
2020-04-27,0.0001285046279008,0.0001476313,0.00016774112
2020-04-28,0.0001802612760217,0.00012917911,0.00016141804
2020-04-29,0.0003133665119304,0.0001632435,0.00017079564
2020-04-30,0.0002336097106983,0.00020663618,0.00021950799
2020-05-04,0.0002798243126176,0.00020287161,0.00020599614
2020-05-05,0.0001322970524265,0.00023285286,0.00024520385
2020-05-06,7.773781985391135e-05,0.00018315499,0.00018378267
2020-05-07,8.409527837052403e-05,0.00017379408,0.00015914647
2020-05-08,0.0001094195494981,0.00015031277,0.00014039296
2020-05-11,8.76269163443196e-05,0.00013398106,0.00013207653
2020-05-12,0.0001881702102177,0.000105458355,0.00011010431
2020-05-13,0.0002539112625308,0.00014457203,0.0001429108
2020-05-14,0.0002465318157084,0.00018659796,0.00018756898
2020-05-15,0.0001310733869132,0.0002006715,0.00020472302
2020-05-18,0.0001792614560501,0.00015960423,0.00016134411
2020-05-19,0.0001295445777344,0.00019266753,0.00019145368
2020-05-20,0.0001487449449364,0.00016174137,0.00016375263
2020-05-21,0.0001399302632791,0.00016259962,0.00016101201
2020-05-22,7.982986376635419e-05,0.00014404576,0.00014232389
2020-05-25,7.728922769422248e-05,0.00012207459,0.000118167416
2020-05-26,0.0001758733465023,0.00011086927,0.000107440304
2020-05-27,0.0001035903909705,0.00014909082,0.00014224058
2020-05-28,0.0002052050968285,0.00011265534,0.00011531993
2020-05-29,4.261010903932702e-05,0.00017293126,0.00016212053
2020-06-01,0.0001061076723201,0.000101996935,0.000103095386
2020-06-02,9.9583274862343e-05,0.000118496115,0.000119510085
2020-06-03,0.0002281986066873,0.000109845256,0.000108442386
2020-06-04,0.0001839396830614,0.00018020777,0.00017776806
2020-06-05,0.0001695394911829,0.00015928847,0.000152563
2020-06-08,0.0001967057312785,0.00017810678,0.00016681937
2020-06-09,0.0001607276222256,0.0001911752,0.00018768509
2020-06-10,0.0002965658620165,0.0001832067,0.00017887767
2020-06-11,0.0003537097800413,0.00022253807,0.00022619494
2020-06-12,0.0003471393295003,0.00025049743,0.0002517705
2020-06-15,0.0002763262764172,0.00026201358,0.00026600083
2020-06-16,0.0001867264157019,0.00025327993,0.00025682687
2020-06-17,0.0002083743122184,0.00021827778,0.00022221885
2020-06-18,8.477911814886435e-05,0.00022529135,0.00022785467
2020-06-19,0.0001230425721441,0.00017258897,0.00016419795
2020-06-22,0.0001373595113734,0.00015411912,0.00015483012
2020-06-23,0.0001644195382072,0.00014481845,0.00014342021
2020-06-24,0.0002646422478169,0.00016476803,0.0001540661
2020-06-25,0.0001248477938647,0.00019244266,0.00019633742
2020-06-26,0.0001871217423095,0.00014837325,0.00014857689
2020-06-29,9.793884588578e-05,0.00018801593,0.0001841835
2020-06-30,0.0001957664157848,0.00015103578,0.00014271506
2020-07-01,0.0001496077754638,0.00019046031,0.00018673453
2020-07-02,8.00519127964446e-05,0.00015263374,0.00015244007
2020-07-03,7.838751543085157e-05,0.00013896724,0.00012998717
2020-07-06,8.471520798607626e-05,0.00012691684,0.00012243426
2020-07-07,9.721216098286166e-05,0.00012148377,0.00012025996
2020-07-08,0.0001074019528975,0.0001055708,0.00011234026
2020-07-09,0.0001252851164077,0.00010555496,0.000110638524
2020-07-10,7.735138684650439e-05,0.00010718467,0.0001179398
2020-07-13,0.0001465070219661,0.00010527794,0.00010421775
2020-07-14,8.929426055769147e-05,0.000116536365,0.00012487044
2020-07-15,7.63490726105897e-05,0.00010711557,0.00010419668
2020-07-16,4.795274288832856e-05,9.937098e-05,9.780724e-05
2020-07-17,0.0001068353701946,9.2033624e-05,8.965485e-05
2020-07-20,6.025326653926004e-05,0.00010267715,9.9101046e-05
2020-07-21,7.69546002029373e-05,9.280824e-05,8.820412e-05
2020-07-22,6.016683421616525e-05,9.472079e-05,9.006131e-05
2020-07-23,7.19754663368043e-05,9.140123e-05,8.657438e-05
2020-07-24,7.155990627595705e-05,9.366905e-05,8.847598e-05
2020-07-27,7.09906978712933e-05,9.225547e-05,8.635431e-05
2020-07-28,3.197584652476292e-05,9.19177e-05,8.617208e-05
2020-07-29,0.0001736545583567,7.792054e-05,7.78572e-05
2020-07-30,0.0001426676280634,0.00011914937,0.000116680734
2020-07-31,0.0001194847533159,0.00011476698,0.00010924521
2020-08-03,0.0001471680492687,0.00011141949,0.00010599408
2020-08-04,6.576335654360932e-05,0.00013488386,0.00013170992
2020-08-05,0.0001483562636315,9.244434e-05,9.842047e-05
2020-08-06,0.0001033662135713,0.00013653118,0.0001336061
