Date,RV_actual,RV_forecast_best,RV_forecast_top10
2016-04-21,5.285423401950513e-05,0.00010771215,9.150211e-05
2016-04-22,8.072922492451358e-05,9.361558e-05,8.7945424e-05
2016-04-25,6.615018032214572e-05,0.00010310827,9.810257e-05
2016-04-26,5.869506409109005e-05,0.00010081195,9.540686e-05
2016-04-27,9.747323108214564e-05,0.00010134708,9.586736e-05
2016-04-28,0.0001465823345763,0.00011240732,0.00010000223
2016-04-29,9.49354636700917e-05,0.0001323548,0.00013643452
2016-05-02,0.000104971983643,0.00013492176,0.00013071927
2016-05-03,8.462797542712316e-05,0.00014125757,0.00015045828
2016-05-04,9.322932475882608e-05,0.00016120209,0.0001734964
2016-05-05,0.000171945087101,0.00013251258,0.00015530476
2016-05-06,0.0001157076251394,0.00013297159,0.00014375617
2016-05-09,9.4510263471692e-05,0.00012928975,0.00013185678
2016-05-10,0.0001286391088613,0.00012238315,0.00011424092
2016-05-11,0.0001351417803126,0.00012354425,0.00011577153
2016-05-12,0.0001523596039145,0.00012839028,0.00012841044
2016-05-13,3.2793535365183516e-05,0.00011965665,0.00012667227
2016-05-16,0.0001231298436432,0.00011365816,0.00011470433
2016-05-17,0.0001029839273537,0.00012981582,0.00013104647
2016-05-18,0.0001349743953929,0.00011772535,0.00012215195
2016-05-19,7.681011938012709e-05,0.0001222009,0.0001456842
2016-05-20,0.0001760648287833,0.000110913956,0.0001130481
2016-05-23,7.64855864400628e-05,0.00012604089,0.0001368688
2016-05-24,5.028443074957498e-05,0.00010088406,0.00010597326
2016-05-25,5.612715342291293e-05,0.00010412223,9.419567e-05
2016-05-26,2.638448316011813e-05,9.381548e-05,8.661635e-05
2016-05-27,1.849976577056911e-05,8.960775e-05,8.456023e-05
2016-05-30,5.5796352267937055e-05,8.767855e-05,7.687255e-05
2016-05-31,7.276680411360176e-05,0.00010107405,9.061162e-05
2016-06-01,7.182857555068032e-05,0.000112483365,0.00010849276
2016-06-02,0.0001301422686445,0.00011023575,0.00010463911
2016-06-03,4.8077220532651975e-05,0.000119710225,0.00012141166
2016-06-06,5.437994494407601e-05,0.00012364527,0.00011159199
2016-06-07,5.3049697563391456e-05,0.00010953397,0.000103326376
2016-06-08,5.564130458406076e-05,0.00011491233,0.000106331645
2016-06-09,0.0001253277884836,0.000117413336,0.00011751852
2016-06-10,0.0001143422024297,0.00014467734,0.00016126319
2016-06-13,0.0001414033212355,0.00016568821,0.00019659777
2016-06-14,8.583610893609849e-05,0.00036874507,0.0002846092
2016-06-15,0.0001606533817775,0.00027073448,0.00023173189
2016-06-16,0.0001444261578035,0.00027912596,0.0002691301
2016-06-17,0.0001540148721645,0.00023656426,0.00021393686
2016-06-20,0.0001033818123089,0.00016277833,0.00015407405
2016-06-21,8.468976017806533e-05,0.0001575415,0.00014860518
2016-06-22,0.0003127041612844,0.00015693098,0.0001510061
2016-06-23,0.0062272572807869,0.0001651099,0.00015125447
2016-06-24,0.0003338888393461,0.00018708529,0.0010316034
2016-06-27,0.0001944522711404,0.00070227374,0.0006422001
2016-06-28,0.00012518008458,0.0004927912,0.0005548429
2016-06-29,0.0002244528483643,0.00031098968,0.00044877658
2016-06-30,0.0001329190567126,0.00026599073,0.00044909964
2016-07-01,5.95428722118083e-05,0.00013754726,0.0001650242
2016-07-04,9.953972764709518e-05,0.00012973975,0.00015340022
2016-07-05,0.0001444011275835,0.00012977926,0.00016452491
2016-07-06,0.0001058242641617,0.00012947658,0.00020211926
2016-07-07,0.0002152102266698,0.0001308706,0.00018141975
2016-07-08,0.0001163844818066,0.00013163434,0.00018629772
2016-07-11,8.607745962498945e-05,0.00015417958,0.0001676
2016-07-12,0.000388668271507,0.00013786012,0.00013431426
2016-07-13,0.0001100427441462,0.00014760418,0.00017082825
2016-07-15,0.0001280119033764,0.00013109828,0.0001347503
2016-07-18,9.980837045345352e-05,0.00012428494,0.00014257047
2016-07-19,6.670098684778401e-05,0.00013192154,0.00014265021
2016-07-20,0.0001169894449479,0.00012355609,0.00014088271
2016-07-21,0.0001187004139295,0.00012743112,0.0001399335
2016-07-22,6.900010930245905e-05,0.00012206229,0.00014509898
2016-07-25,8.972933572017637e-05,0.00012092511,0.00014204884
2016-07-26,2.579181904093408e-05,0.00012180887,0.00014109562
2016-07-27,8.528859290513268e-05,0.00010811769,9.274643e-05
2016-07-28,6.293501255894337e-05,0.00011601046,9.880839e-05
2016-07-29,6.462306055668062e-05,0.0001068094,9.2587296e-05
2016-08-01,7.760070877525404e-05,0.000106890366,9.518432e-05
2016-08-02,0.0001398654159485,0.000119901015,0.000118516524
2016-08-03,8.625829040102548e-05,0.00012938464,0.00013075976
2016-08-04,5.785184154315149e-05,0.000112395835,0.000110441375
2016-08-05,3.406973326692493e-05,0.00010060063,9.22893e-05
2016-08-08,3.605884603883981e-05,0.00010191729,8.249172e-05
2016-08-09,3.432785991894168e-05,8.779988e-05,6.969045e-05
2016-08-10,3.9251661079819115e-05,9.291645e-05,7.2329116e-05
2016-08-11,2.968037518591873e-05,8.080951e-05,6.7250585e-05
2016-08-12,2.5394121123613277e-05,8.396446e-05,6.8623616e-05
2016-08-15,5.963779185506859e-05,8.3089406e-05,6.958163e-05
2016-08-16,5.736011218866102e-05,0.00010111042,8.653449e-05
2016-08-17,2.5329570015884297e-05,0.00010496436,9.7484735e-05
2016-08-18,6.045134694114589e-05,9.737444e-05,8.892687e-05
2016-08-19,0.0001042945784459,0.000105433275,0.00010160855
2016-08-22,5.734398764620082e-05,0.00011440174,0.000115170595
2016-08-23,4.740936069048123e-05,0.000100071455,9.488822e-05
2016-08-24,6.05663111083877e-05,9.340537e-05,8.911484e-05
2016-08-25,0.00010750574774,0.00010047348,9.442934e-05
2016-08-26,5.957542325528995e-05,9.904816e-05,9.495367e-05
2016-08-29,3.704278133236895e-05,9.989541e-05,9.1408416e-05
2016-08-30,4.454777559691289e-05,9.277487e-05,8.519262e-05
2016-08-31,7.7816526383221e-05,9.393481e-05,8.647447e-05
2016-09-01,8.742737229184434e-05,9.744343e-05,9.1147376e-05
2016-09-02,2.5489610935255814e-05,8.614174e-05,7.445847e-05
2016-09-05,4.1245510140717344e-05,7.6534445e-05,6.772815e-05
2016-09-06,5.893333808257708e-05,8.520472e-05,7.8248704e-05
2016-09-07,0.000116051764795,8.5532985e-05,7.449368e-05
2016-09-08,8.133020284784319e-05,8.652869e-05,7.8746605e-05
2016-09-09,0.000109075711622,9.311532e-05,9.457224e-05
2016-09-12,7.609757110443477e-05,0.00013147508,0.00012832988
2016-09-13,7.668175510311387e-05,0.00012060035,0.000122015525
2016-09-14,7.881851653492917e-05,0.000119307035,0.00013662102
2016-09-15,8.220412229148972e-05,0.0001050343,0.00010968071
2016-09-16,2.2915444739787783e-05,0.00011083162,0.00011881113
2016-09-19,3.517531944792515e-05,8.9977104e-05,9.4008195e-05
2016-09-20,3.872742570500875e-05,9.445557e-05,9.1577094e-05
2016-09-21,4.5223299312026834e-05,9.3068666e-05,8.440641e-05
2016-09-22,3.158679523623141e-05,8.0504935e-05,6.614141e-05
2016-09-23,5.8580203727927945e-05,6.858078e-05,6.295289e-05
2016-09-26,8.127748447649537e-05,9.439681e-05,8.884761e-05
2016-09-27,6.49659942618343e-05,0.00010049682,9.916534e-05
2016-09-28,7.056399575983866e-05,9.052753e-05,8.867147e-05
2016-09-29,0.0002024095074863,9.7113334e-05,9.5025585e-05
2016-09-30,1.6830419471148026e-05,0.000110968394,0.00011932114
2016-10-03,6.269700555193848e-05,9.827421e-05,8.805441e-05
2016-10-04,5.231337842680469e-05,8.763036e-05,8.842079e-05
2016-10-05,5.762678528739786e-05,9.409792e-05,8.854926e-05
2016-10-06,0.0001022949176314,8.843724e-05,8.75483e-05
2016-10-07,5.275992008896654e-05,9.4665054e-05,9.9195306e-05
2016-10-10,4.291072958397141e-05,8.861628e-05,8.518577e-05
2016-10-11,6.025666713656674e-05,9.117338e-05,9.279602e-05
2016-10-12,9.030600004175452e-05,9.84808e-05,9.8554905e-05
2016-10-13,4.458240093709509e-05,0.0001039482,0.000104475264
2016-10-14,4.522190431433646e-05,8.812588e-05,8.4077576e-05
2016-10-17,2.9549970094956813e-05,9.4629904e-05,9.1958806e-05
2016-10-18,2.1844203413039433e-05,8.468754e-05,7.633395e-05
2016-10-19,5.1201121327380054e-05,7.5791126e-05,6.766703e-05
2016-10-20,2.938618839427886e-05,7.8711004e-05,6.508818e-05
2016-10-21,2.3564824366545496e-05,6.6612214e-05,6.5772314e-05
2016-10-24,2.7868643625797673e-05,7.399242e-05,6.437742e-05
2016-10-25,4.31375196435991e-05,7.946024e-05,7.172329e-05
2016-10-26,9.549387738427454e-05,8.606252e-05,7.443917e-05
2016-10-27,7.297412296927481e-05,8.906146e-05,8.336286e-05
2016-10-28,3.9178933291231065e-05,9.311511e-05,8.690583e-05
2016-10-31,6.599006431558282e-05,0.000100774116,9.461355e-05
2016-11-01,4.924686522666302e-05,0.00011489083,0.000107465916
2016-11-02,5.6656382543796486e-05,0.000118672535,0.00011318524
2016-11-03,4.2403793556643425e-05,0.00011673063,0.00011968298
2016-11-04,5.223597600835327e-05,0.00011944062,0.000118230855
2016-11-07,4.001142483515369e-05,0.0001163931,0.00010990452
2016-11-08,0.0003191267473782,0.00012064792,0.00010261135
2016-11-09,0.0001382759214839,0.00014350265,0.00012368923
2016-11-10,0.0001064944831087,0.00013297198,0.00010368822
2016-11-11,8.141803487188575e-05,0.00011155408,0.000107919055
2016-11-14,4.814512643652075e-05,0.00010817172,0.00010714088
2016-11-15,8.366170815128343e-05,9.71961e-05,9.646599e-05
2016-11-16,5.3490124726483866e-05,0.000103822385,0.00010229077
2016-11-17,7.404611289045225e-05,9.537325e-05,9.275518e-05
2016-11-18,6.835766280381194e-05,9.401767e-05,9.651541e-05
2016-11-21,3.968183139019824e-05,9.828334e-05,9.49538e-05
2016-11-22,5.672608608610435e-05,9.381156e-05,9.0869195e-05
2016-11-23,4.1309365781664005e-05,9.205744e-05,9.121017e-05
2016-11-24,2.522960856373642e-05,8.9923196e-05,8.86225e-05
2016-11-25,6.265145847991447e-05,9.32162e-05,8.5196014e-05
2016-11-28,7.192650354842568e-05,0.00010289707,0.00010054007
2016-11-29,5.780571989924209e-05,0.00010383044,0.000101982965
2016-11-30,7.125059622545927e-05,9.760451e-05,8.837862e-05
2016-12-01,5.833261589428571e-05,0.00010939309,9.913447e-05
2016-12-02,0.0001544089783838,0.000111088375,0.0001038848
2016-12-05,4.897439243131561e-05,0.00010554827,9.271322e-05
2016-12-06,3.6783584731806645e-05,9.061808e-05,7.396545e-05
2016-12-07,0.0001352840900236,8.414704e-05,6.997789e-05
2016-12-08,3.2624785140573146e-05,9.635081e-05,6.6890774e-05
2016-12-09,2.611684339313675e-05,6.975584e-05,6.248309e-05
2016-12-12,3.3275697920775306e-05,7.7613884e-05,5.3377345e-05
2016-12-13,3.180587338217507e-05,7.857068e-05,5.7671616e-05
2016-12-14,7.423414168817352e-05,8.153571e-05,6.1860446e-05
2016-12-15,6.603710578005543e-05,7.398339e-05,6.9778995e-05
2016-12-16,1.825063725235017e-05,7.6154945e-05,5.4698477e-05
2016-12-19,2.0654182708602712e-05,7.0552975e-05,5.6324265e-05
2016-12-20,1.683012975272209e-05,6.827015e-05,5.4138538e-05
2016-12-21,1.6381117654118938e-05,7.206652e-05,5.2270574e-05
2016-12-22,8.499766671150814e-06,7.019998e-05,5.3782733e-05
2016-12-23,7.4546694505404366e-06,6.901277e-05,5.215624e-05
2016-12-27,4.405945835823503e-06,7.4545904e-05,5.7032237e-05
2016-12-28,1.1475006897487983e-05,7.371228e-05,5.9508988e-05
2016-12-29,2.0669685067607912e-05,8.504994e-05,6.3409476e-05
2016-12-30,2.2874100264898497e-05,8.484276e-05,6.2307205e-05
2017-01-02,2.655706052475812e-05,7.423068e-05,6.221998e-05
2017-01-03,1.314050657970631e-05,7.327624e-05,5.951817e-05
2017-01-04,3.0025004621430952e-05,8.365034e-05,5.0665858e-05
2017-01-05,2.5466815772097012e-05,7.221534e-05,5.0818817e-05
2017-01-06,2.006193135632779e-05,6.9517795e-05,5.0640403e-05
2017-01-09,2.236807353238282e-05,6.623466e-05,5.8784346e-05
2017-01-10,4.47154759194328e-05,7.0865e-05,5.9440627e-05
2017-01-11,3.927697939981465e-05,6.9095295e-05,6.39292e-05
2017-01-12,1.9266631827716433e-05,8.179458e-05,6.385754e-05
2017-01-13,2.3835975243256497e-05,6.660035e-05,5.8175552e-05
2017-01-16,4.756202443863202e-05,6.583489e-05,6.322759e-05
2017-01-17,3.1700352926930103e-05,7.623243e-05,6.600646e-05
2017-01-18,3.837266974433304e-05,6.8149915e-05,6.278345e-05
2017-01-19,4.284543845050885e-05,6.96925e-05,6.139486e-05
2017-01-20,5.700072558332059e-05,6.6253226e-05,6.307288e-05
2017-01-23,1.7171771632571203e-05,8.427561e-05,7.544385e-05
2017-01-24,2.8813421698987636e-05,7.344791e-05,6.613132e-05
2017-01-25,1.997137311441027e-05,7.324079e-05,5.9612103e-05
2017-01-26,2.5150555605911273e-05,7.0941656e-05,5.8080514e-05
2017-01-27,4.69161956223433e-05,7.020125e-05,6.391854e-05
2017-01-30,5.231692346108991e-05,7.615649e-05,7.417585e-05
2017-01-31,4.604013805654891e-05,8.887497e-05,7.682932e-05
2017-02-01,3.79121832829478e-05,8.182295e-05,7.712091e-05
2017-02-02,2.6570220024898408e-05,7.635731e-05,7.4846415e-05
2017-02-03,5.677096620123277e-05,6.6300476e-05,6.7603e-05
2017-02-06,3.107721516066708e-05,7.820616e-05,7.666319e-05
2017-02-07,5.353707732419721e-05,7.495725e-05,7.4961106e-05
2017-02-08,5.546988065835329e-05,7.8575016e-05,7.6057695e-05
2017-02-09,4.047295105039487e-05,7.2215196e-05,6.754675e-05
2017-02-10,2.430227359585371e-05,7.641189e-05,6.697268e-05
2017-02-13,1.894982943877532e-05,6.550262e-05,5.70021e-05
2017-02-14,2.0833425379113273e-05,6.110246e-05,5.437906e-05
2017-02-15,2.6961461280319607e-05,6.113121e-05,5.3109594e-05
2017-02-16,5.321891378038487e-05,7.213298e-05,5.88718e-05
2017-02-17,1.679467391584158e-05,6.663316e-05,6.1794315e-05
2017-02-20,2.4383314196077477e-05,6.3168554e-05,5.9031405e-05
2017-02-21,4.312298409329537e-05,6.07323e-05,5.6641446e-05
2017-02-22,2.112773662281966e-05,6.873109e-05,6.274813e-05
2017-02-23,5.1545791122105064e-05,6.98627e-05,5.887904e-05
2017-02-24,2.6545634015781984e-05,7.494334e-05,6.942325e-05
2017-02-27,1.9943945727849185e-05,6.982068e-05,6.7451e-05
2017-02-28,3.494208224622991e-05,7.401831e-05,6.823941e-05
2017-03-01,1.4112831612844102e-05,6.556508e-05,5.554328e-05
2017-03-02,3.7985212340371485e-05,6.985925e-05,5.42054e-05
2017-03-03,1.886613959974214e-05,6.711892e-05,5.1704515e-05
2017-03-06,1.8427021494571055e-05,6.435614e-05,5.1611365e-05
2017-03-07,4.597131937680918e-05,6.278015e-05,5.4128788e-05
2017-03-08,3.161861363261382e-05,6.7421424e-05,6.0180282e-05
2017-03-09,3.564078372474002e-05,6.9352776e-05,5.8266596e-05
2017-03-10,1.1883158796265863e-05,7.378904e-05,5.49667e-05
2017-03-13,3.3916159902854e-05,6.794538e-05,5.352242e-05
2017-03-14,1.3638664251739332e-05,6.8260844e-05,6.1023853e-05
2017-03-15,3.870016444255315e-05,6.4154636e-05,5.5892393e-05
2017-03-16,1.796898019059035e-05,5.7141573e-05,4.150923e-05
2017-03-17,1.4282733725101707e-05,4.778517e-05,4.0333736e-05
2017-03-20,4.239125263816091e-05,5.554739e-05,4.578347e-05
2017-03-21,3.439041907284899e-05,6.287623e-05,5.2073236e-05
2017-03-22,2.7878114849271735e-05,7.1761424e-05,5.9807382e-05
2017-03-23,2.439930723936556e-05,6.394033e-05,5.6284538e-05
2017-03-24,2.9945847162061342e-05,6.8974834e-05,5.7696663e-05
2017-03-27,1.9019885641017424e-05,7.544447e-05,6.304914e-05
2017-03-28,1.8950664280508228e-05,6.733655e-05,5.475027e-05
2017-03-29,1.0811923059811622e-05,6.162303e-05,5.489934e-05
2017-03-30,1.6368210036370732e-05,6.4137705e-05,5.4522312e-05
2017-03-31,1.8868545384593437e-05,6.436624e-05,5.7134537e-05
2017-04-03,1.976894103576347e-05,7.4132186e-05,6.39759e-05
2017-04-04,3.275876655025633e-05,7.41183e-05,6.548142e-05
2017-04-05,3.910731982333982e-05,8.179163e-05,7.016284e-05
2017-04-06,3.53847736541602e-05,8.1891754e-05,7.269533e-05
2017-04-07,1.6144874511018915e-05,8.385021e-05,7.548265e-05
2017-04-10,5.0567681355513153e-05,9.209973e-05,8.2321654e-05
2017-04-11,3.744633525346484e-05,0.000103488754,9.190096e-05
2017-04-12,2.3155715941897975e-05,9.840354e-05,8.9896756e-05
2017-04-13,5.399320880590524e-05,0.00010370151,9.350949e-05
2017-04-18,1.677909773545554e-05,0.00012295175,0.000110215704
2017-04-19,3.62127476850111e-05,0.00010921235,9.900683e-05
2017-04-20,4.711013407563454e-05,0.0001120876,0.00010174354
2017-04-21,0.000205403234262,0.000113427246,0.000103428494
2017-04-24,1.853256789144964e-05,0.00010092664,7.1135386e-05
2017-04-25,1.7010850351008658e-05,7.1535025e-05,4.663088e-05
2017-04-26,1.900228072110597e-05,6.76961e-05,5.021206e-05
2017-04-27,1.6151554446399137e-05,6.779982e-05,5.805737e-05
2017-04-28,1.6358469455960693e-05,7.2934236e-05,5.769785e-05
2017-05-02,1.1244670969265884e-05,7.425062e-05,6.3403924e-05
2017-05-03,2.0409099404650663e-05,7.4017735e-05,6.392119e-05
2017-05-04,2.1683446955105707e-05,7.090876e-05,5.85342e-05
2017-05-05,3.403612590857198e-05,7.0974296e-05,5.4572098e-05
2017-05-08,1.194087109899749e-05,6.9497335e-05,4.9668375e-05
2017-05-09,1.24601746787023e-05,5.5382356e-05,4.5688765e-05
2017-05-10,4.579473037957539e-05,5.8090416e-05,4.5524503e-05
2017-05-11,1.3002443530359136e-05,6.468798e-05,5.71964e-05
2017-05-12,1.919204141227865e-05,6.212475e-05,5.3654123e-05
2017-05-15,1.1290554219389606e-05,6.487167e-05,4.997665e-05
2017-05-16,6.384647303213813e-05,6.36121e-05,4.8452453e-05
2017-05-17,7.906991353366045e-05,7.9310244e-05,7.121811e-05
2017-05-18,1.9473808137729433e-05,9.71702e-05,8.378939e-05
2017-05-19,2.356533711084669e-05,7.2562965e-05,6.152904e-05
2017-05-22,3.096253686846668e-05,7.311442e-05,6.122855e-05
2017-05-23,1.860856623730263e-05,6.517151e-05,6.0303533e-05
2017-05-24,4.4082733472459915e-05,6.2436426e-05,5.4011394e-05
2017-05-25,2.8576184282050095e-05,6.492829e-05,5.802804e-05
2017-05-26,1.039922188707502e-05,6.17005e-05,5.9818954e-05
2017-05-29,3.835192775416248e-05,5.9394282e-05,5.4647116e-05
2017-05-30,5.404550402268219e-05,6.7096575e-05,6.574624e-05
2017-05-31,2.4874423274523083e-05,7.179396e-05,6.6659384e-05
2017-06-01,3.336217902690631e-05,6.298682e-05,5.712326e-05
2017-06-02,6.487355793989805e-06,6.75176e-05,5.7791338e-05
2017-06-05,3.15835752396375e-05,6.181008e-05,5.6445435e-05
2017-06-06,4.655063649255324e-05,6.471485e-05,6.360024e-05
2017-06-07,4.937147712846491e-05,6.665329e-05,6.8188565e-05
2017-06-08,0.0001022375014022,6.6123226e-05,6.519771e-05
2017-06-09,4.663471243399833e-05,6.760256e-05,7.070212e-05
2017-06-12,1.9736633962186396e-05,7.156187e-05,7.056273e-05
2017-06-13,3.766437547562441e-05,6.202153e-05,6.1970124e-05
2017-06-14,8.274575022202202e-05,6.599866e-05,6.666694e-05
2017-06-15,4.3330028877761585e-05,7.4218726e-05,7.978981e-05
2017-06-16,1.9051965888578955e-05,6.82011e-05,6.75927e-05
2017-06-19,2.1772359478377408e-05,6.007029e-05,5.212521e-05
2017-06-20,7.479231972449483e-05,6.593147e-05,6.2707826e-05
2017-06-21,2.42241740400255e-05,7.0664675e-05,6.985178e-05
2017-06-22,3.827126361188422e-05,6.314227e-05,5.8926984e-05
2017-06-23,3.3667652702374016e-05,6.600462e-05,6.3421336e-05
2017-06-26,6.410697101048419e-05,6.450675e-05,6.208672e-05
2017-06-27,7.10975262365564e-05,7.559564e-05,6.853758e-05
2017-06-28,9.905321980371133e-05,8.0047495e-05,7.250371e-05
2017-06-29,4.881729073401705e-05,9.5430274e-05,9.3189876e-05
2017-06-30,2.170792637823937e-05,8.8542045e-05,9.125857e-05
2017-07-03,1.9287662582462854e-05,6.685962e-05,7.113284e-05
2017-07-04,4.255073452199102e-05,6.71802e-05,6.960322e-05
2017-07-05,5.45869469542293e-05,7.22522e-05,7.4801355e-05
2017-07-06,2.2377460091003113e-05,7.471717e-05,7.010605e-05
2017-07-07,1.812608992087082e-05,7.379432e-05,6.714053e-05
2017-07-10,2.650808452336868e-05,6.749569e-05,6.397492e-05
2017-07-11,2.3636771872437025e-05,6.943985e-05,6.624814e-05
2017-07-12,1.386849602413021e-05,6.178012e-05,5.4529188e-05
2017-07-13,1.786778941188958e-05,5.3361793e-05,4.7586218e-05
2017-07-14,2.8927637911574783e-05,5.302052e-05,4.6925772e-05
2017-07-17,4.4091625330579536e-05,5.7853504e-05,4.915956e-05
2017-07-18,2.3115662818721995e-05,6.5893066e-05,5.755631e-05
2017-07-19,5.418030547766996e-05,5.8913763e-05,5.904656e-05
2017-07-20,6.803293186802288e-05,6.2914216e-05,6.3598935e-05
2017-07-21,4.9683510447685475e-05,8.472688e-05,7.757585e-05
2017-07-24,3.600088615360816e-05,7.3826064e-05,7.6473356e-05
2017-07-25,3.177810010806245e-05,6.5055276e-05,6.1186125e-05
2017-07-26,3.492301195846472e-05,5.9000973e-05,6.042571e-05
2017-07-27,4.0588502453383545e-05,6.24154e-05,5.8202702e-05
2017-07-28,2.6385560978659662e-05,6.364151e-05,6.00929e-05
2017-07-31,4.415889193357527e-05,6.231112e-05,5.863579e-05
2017-08-01,3.598586995287145e-05,6.837265e-05,5.851035e-05
2017-08-02,3.315801556243873e-05,6.511122e-05,6.127349e-05
2017-08-03,4.343033256904247e-05,6.4195534e-05,6.0516155e-05
2017-08-04,2.06312825939723e-05,6.005911e-05,5.4655822e-05
2017-08-07,2.262823507577872e-05,5.6501158e-05,5.244292e-05
2017-08-08,6.107283513589853e-05,5.577306e-05,4.879259e-05
2017-08-09,5.988385645241327e-05,6.7413384e-05,6.8683075e-05
2017-08-10,5.877830247628145e-05,8.872102e-05,8.548231e-05
2017-08-11,2.5147995203100235e-05,0.00010457977,9.934975e-05
2017-08-14,2.3237820902323857e-05,7.4012205e-05,7.241233e-05
2017-08-15,1.315453817611904e-05,7.36424e-05,7.149505e-05
2017-08-16,4.107457536976707e-05,6.0391503e-05,5.8555266e-05
2017-08-17,4.0395079650706016e-05,6.8138455e-05,6.377576e-05
2017-08-18,3.3895738199860614e-05,8.771797e-05,7.364781e-05
2017-08-21,1.937079092375561e-05,8.405801e-05,7.985524e-05
2017-08-22,3.671455491672806e-05,7.241366e-05,6.6329376e-05
2017-08-23,2.158086515854648e-05,7.91571e-05,7.1892515e-05
2017-08-24,3.7845882598587146e-05,7.099951e-05,6.72033e-05
2017-08-25,3.0305827019303235e-05,7.111356e-05,6.66146e-05
2017-08-28,4.914652851018518e-05,7.593991e-05,6.537992e-05
2017-08-29,1.886542469182396e-05,8.7359615e-05,8.026217e-05
2017-08-30,1.738688438478452e-05,6.933247e-05,7.211171e-05
2017-08-31,3.495914378350692e-05,6.6515066e-05,6.6667424e-05
2017-09-01,1.650200010708268e-05,6.633696e-05,5.812497e-05
2017-09-04,2.7810100792873864e-05,6.494463e-05,6.3548505e-05
2017-09-05,2.9857378860322623e-05,6.3860054e-05,6.291509e-05
2017-09-06,4.7739422908937536e-05,6.986401e-05,6.385191e-05
2017-09-07,3.1281445510674936e-05,6.632461e-05,6.2866995e-05
2017-09-08,1.6220884403009422e-05,6.6282424e-05,6.0268496e-05
2017-09-11,9.073689778792913e-06,5.570767e-05,4.9637107e-05
2017-09-12,1.179935868719896e-05,5.177388e-05,4.102037e-05
2017-09-13,1.690407796606346e-05,5.0325347e-05,3.9245846e-05
2017-09-14,2.2120382072624876e-05,3.9266924e-05,3.871558e-05
2017-09-15,1.0700237783076262e-05,5.0613067e-05,3.9894454e-05
2017-09-18,7.536719580153963e-06,4.409934e-05,4.011705e-05
2017-09-19,1.1075047260128463e-05,5.0589544e-05,3.730291e-05
2017-09-20,1.2609589812302376e-05,4.636956e-05,3.9897586e-05
2017-09-21,1.956989738791618e-05,3.7611564e-05,3.8667913e-05
2017-09-22,1.9146724069858056e-05,4.685623e-05,3.8416994e-05
2017-09-25,9.649609646245706e-06,4.3619664e-05,4.3192955e-05
2017-09-26,1.312974915840543e-05,4.396541e-05,4.4424145e-05
2017-09-27,8.08008085474735e-06,4.3551277e-05,4.01769e-05
2017-09-28,1.0844998529426068e-05,4.794421e-05,3.6834557e-05
2017-09-29,7.495296980094946e-06,4.6582354e-05,3.6605546e-05
2017-10-02,2.8024900380966087e-06,4.5418063e-05,3.6935136e-05
2017-10-03,1.3134339304456634e-05,4.610391e-05,3.133649e-05
2017-10-04,1.6274031548813513e-05,5.1374154e-05,3.9222934e-05
2017-10-05,1.118594280982778e-05,4.459612e-05,3.576276e-05
2017-10-06,1.4078964283955952e-05,5.062743e-05,4.1720552e-05
2017-10-09,1.3626315892779357e-05,5.2291172e-05,4.1268788e-05
2017-10-10,1.0822238796789684e-05,5.7262572e-05,4.4296685e-05
2017-10-11,5.959711371460738e-06,5.222328e-05,4.2047875e-05
2017-10-12,1.178761029901363e-05,5.0499926e-05,4.185986e-05
2017-10-13,9.333133121326008e-06,4.68113e-05,4.0673618e-05
2017-10-16,7.936607228352465e-06,4.712261e-05,4.0955412e-05
2017-10-17,8.29205698366079e-06,4.3735978e-05,3.840513e-05
2017-10-18,2.564929687563712e-05,4.221899e-05,3.650871e-05
2017-10-19,1.2444475789356743e-05,5.5986042e-05,4.508604e-05
2017-10-20,2.360643828490381e-05,4.8327704e-05,4.330958e-05
2017-10-23,1.9546837253318815e-05,5.1602692e-05,4.6712106e-05
2017-10-24,2.3371219509815137e-05,5.5711665e-05,4.721045e-05
2017-10-25,5.028818738577168e-05,6.138288e-05,5.5622815e-05
2017-10-26,3.184337336612633e-05,5.5269054e-05,4.9168717e-05
2017-10-27,1.3004154011015712e-05,4.7908587e-05,4.5287714e-05
2017-10-30,6.7903615028324e-06,5.217485e-05,4.2841522e-05
2017-10-31,1.820049398903132e-05,4.7470952e-05,3.830268e-05
2017-11-01,1.5753116194124095e-05,4.9442497e-05,3.5339937e-05
2017-11-02,1.4345849209182038e-05,4.96543e-05,3.9585728e-05
2017-11-03,1.6664049101585172e-05,4.535103e-05,3.8006452e-05
2017-11-06,2.0568510586832976e-05,4.1783853e-05,3.937688e-05
2017-11-07,2.0850618901290655e-05,5.4419063e-05,4.6227895e-05
2017-11-08,5.7735816374290965e-05,5.4309152e-05,5.0392897e-05
2017-11-09,2.7926687941847677e-05,6.576439e-05,6.285857e-05
2017-11-10,5.004595752272141e-05,6.650926e-05,6.587175e-05
2017-11-13,3.903929222444261e-05,6.891493e-05,7.146757e-05
2017-11-14,4.5878432150228624e-05,7.637424e-05,7.336731e-05
2017-11-15,2.506530576580597e-05,7.81616e-05,7.535608e-05
2017-11-16,3.953010506062659e-05,6.9467496e-05,6.822496e-05
2017-11-17,3.327379855251279e-05,6.960067e-05,6.7162444e-05
2017-11-20,2.805111753702301e-05,5.9949954e-05,6.044067e-05
2017-11-21,2.505871367185381e-05,5.309473e-05,5.290437e-05
2017-11-22,3.395275055396958e-05,5.7281533e-05,5.1841012e-05
2017-11-23,3.14798017432173e-05,6.0493207e-05,5.278171e-05
2017-11-24,4.747955856335547e-05,5.604794e-05,5.0816954e-05
2017-11-27,4.4800234725766e-05,6.367897e-05,5.9424077e-05
2017-11-28,3.9476991101029737e-05,5.4425058e-05,5.8354613e-05
2017-11-29,4.897945947700051e-05,5.9535072e-05,5.8836566e-05
2017-11-30,0.0001159434049867,6.3609725e-05,6.170233e-05
2017-12-01,5.697150808102123e-05,8.6555076e-05,8.7499044e-05
2017-12-04,4.531089158860107e-05,6.5526394e-05,6.940469e-05
2017-12-05,5.155824220993519e-05,6.2099854e-05,6.664994e-05
2017-12-06,1.9304464642224314e-05,6.9004775e-05,7.408685e-05
2017-12-07,1.992226216631183e-05,6.407915e-05,6.26782e-05
2017-12-08,1.3726517548962109e-05,5.5345154e-05,5.0466235e-05
2017-12-11,2.8914634601403132e-05,5.8540158e-05,5.1289255e-05
2017-12-12,1.9844920167331977e-05,5.3103322e-05,5.2020525e-05
2017-12-13,3.9628438642807265e-05,5.2824893e-05,5.139364e-05
2017-12-14,2.775417252495737e-05,6.0482445e-05,5.275738e-05
2017-12-15,1.987959039147791e-05,5.225736e-05,5.3897045e-05
2017-12-18,1.4416623796899816e-05,5.1138428e-05,4.1483072e-05
2017-12-19,4.2580632868133904e-05,5.0708477e-05,4.64416e-05
2017-12-20,1.8851221587761164e-05,5.942143e-05,5.708752e-05
2017-12-21,1.583547414133612e-05,5.0973875e-05,4.790016e-05
2017-12-22,2.0012229631968233e-05,5.170315e-05,4.946428e-05
2017-12-27,1.422436328994864e-05,5.8301484e-05,5.5096218e-05
2017-12-28,9.800507353187277e-06,6.0857696e-05,5.90349e-05
2017-12-29,4.4088400448724014e-05,6.0470462e-05,5.580393e-05
2018-01-02,2.1585337752521488e-05,6.523648e-05,6.403678e-05
2018-01-03,2.2557050002693857e-05,5.0244817e-05,5.283404e-05
2018-01-04,3.082188233759079e-05,6.3213774e-05,4.2627402e-05
2018-01-05,1.5857054067664033e-05,4.5262335e-05,3.806337e-05
2018-01-08,1.646757113021791e-05,3.9741615e-05,3.630338e-05
2018-01-09,3.599098669368535e-05,3.8628932e-05,3.1504158e-05
2018-01-10,2.734759997759486e-05,4.759527e-05,3.8086866e-05
2018-01-11,2.12509532689162e-05,4.6466193e-05,4.2320917e-05
2018-01-12,1.3719462074169577e-05,5.061416e-05,4.112255e-05
2018-01-15,2.372933141160141e-05,5.158905e-05,3.923424e-05
2018-01-16,2.6127733014874855e-05,4.8535432e-05,4.5778394e-05
2018-01-17,2.219378051039422e-05,4.828086e-05,4.7413527e-05
2018-01-18,3.390961456866584e-05,5.0680268e-05,4.3243752e-05
2018-01-19,1.0901064428177633e-05,5.007189e-05,4.3241784e-05
2018-01-22,2.1720729287460244e-05,4.5027788e-05,4.0095423e-05
2018-01-23,1.801676577973702e-05,5.1711875e-05,3.9550352e-05
2018-01-24,4.873638032712796e-05,5.226545e-05,4.0604697e-05
2018-01-25,1.700028561254189e-05,5.5696873e-05,4.9515354e-05
2018-01-26,1.6965407689955327e-05,5.2151554e-05,4.6053443e-05
2018-01-29,3.372560387147237e-05,5.6981662e-05,5.207376e-05
2018-01-30,2.116382897392532e-05,6.8620364e-05,6.210805e-05
2018-01-31,6.53320995001469e-05,7.0109185e-05,6.109395e-05
2018-02-01,5.88766655666436e-05,7.8206554e-05,6.833084e-05
2018-02-02,6.214194119326138e-05,8.364654e-05,8.267314e-05
2018-02-05,0.0003926124063844,0.00010722135,0.00010175756
2018-02-06,7.59109023713185e-05,0.00026244984,0.00023956333
2018-02-07,0.0001090139747284,0.00011894047,0.00012031508
2018-02-08,0.0002362897442452,0.00016974632,0.00020829574
2018-02-09,8.261966598001235e-05,0.0003054518,0.00027311686
2018-02-12,7.185279497070552e-05,0.0001476458,0.00015681385
2018-02-13,0.0001564042381885,0.00013136142,0.0001285906
2018-02-14,6.827625842097607e-05,0.00011359669,0.00012378233
2018-02-15,3.8253500374547373e-05,0.00011386997,0.00010180964
2018-02-16,2.3794247730917973e-05,8.2031765e-05,7.593255e-05
2018-02-19,5.242862852224783e-05,9.167349e-05,8.5540625e-05
2018-02-20,3.757747824527721e-05,7.885562e-05,8.307544e-05
2018-02-21,5.368696775584182e-05,8.128959e-05,8.151959e-05
2018-02-22,3.434390345885805e-05,8.0865284e-05,8.285198e-05
2018-02-23,2.404870493846732e-05,8.168561e-05,7.968638e-05
2018-02-26,3.1377400733174117e-05,8.0986596e-05,6.921322e-05
2018-02-27,3.178242937809068e-05,8.1799655e-05,7.7421275e-05
2018-02-28,7.751416537682468e-05,8.1966515e-05,8.4752915e-05
2018-03-01,9.726143530676792e-05,9.883559e-05,0.00010331955
2018-03-02,8.428933778539336e-05,0.00012790984,0.0001221306
2018-03-05,6.303115591481528e-05,9.169276e-05,0.00010135871
2018-03-06,8.622313452981495e-05,0.00010345353,9.6693824e-05
2018-03-07,5.9780106193668e-05,9.004142e-05,9.680508e-05
2018-03-08,5.5331638750624085e-05,7.862942e-05,7.7237e-05
2018-03-09,3.346257178987647e-05,6.1919316e-05,6.648637e-05
2018-03-12,5.373709479507157e-05,7.891558e-05,6.0770788e-05
2018-03-13,4.930973771142908e-05,7.8168734e-05,6.862458e-05
2018-03-14,3.7746680027339074e-05,7.513413e-05,7.352565e-05
2018-03-15,3.487786609394315e-05,6.628e-05,6.455108e-05
2018-03-16,5.6648844459568147e-05,5.3419964e-05,5.4106622e-05
2018-03-19,4.128517228580163e-05,7.368369e-05,7.419081e-05
2018-03-20,3.691827619434213e-05,7.0646e-05,6.6971355e-05
2018-03-21,0.0001038522362971,6.209257e-05,6.0448092e-05
2018-03-22,0.0001071256394758,9.3236515e-05,9.345478e-05
2018-03-23,9.03633640059643e-05,0.00014288118,0.00012707533
2018-03-26,7.361198192980179e-05,0.00012801928,0.00012810575
2018-03-27,0.0001120700299033,0.00012194515,0.000102635495
2018-03-28,4.917999686926577e-05,0.00011217481,0.00011316148
2018-03-29,5.034589235487052e-05,7.681912e-05,8.176793e-05
2018-04-03,7.837245198598324e-05,0.00010268277,9.121468e-05
2018-04-04,6.582195064002418e-05,9.440006e-05,8.983635e-05
2018-04-05,5.151549571321647e-05,8.207112e-05,6.486222e-05
2018-04-06,4.172884240537425e-05,7.571634e-05,7.047458e-05
2018-04-09,4.2136249624202105e-05,9.7754724e-05,7.614506e-05
2018-04-10,3.019063792775107e-05,7.237269e-05,6.0029728e-05
2018-04-11,2.607582384402844e-05,7.765851e-05,6.31789e-05
2018-04-12,2.110656669843574e-05,6.7494555e-05,6.7069515e-05
2018-04-13,1.9030702476537463e-05,6.471463e-05,5.718531e-05
2018-04-16,1.50369295099973e-05,6.426967e-05,5.565022e-05
2018-04-17,1.8310470391233824e-05,5.4711163e-05,4.773246e-05
2018-04-18,1.948582278614857e-05,5.837557e-05,4.162513e-05
2018-04-19,4.1767031448762026e-05,5.4859163e-05,4.9003378e-05
2018-04-20,2.0254127086353363e-05,5.706329e-05,5.3673146e-05
2018-04-23,2.9581900431466032e-05,5.315143e-05,4.77895e-05
2018-04-24,4.846005660007902e-05,5.671086e-05,4.9879796e-05
2018-04-25,3.080780501108748e-05,7.28428e-05,6.444159e-05
2018-04-26,2.6792402754213135e-05,5.8036683e-05,4.8933194e-05
2018-04-27,1.5539177231282708e-05,5.6094053e-05,4.6291003e-05
2018-04-30,9.275621110634732e-09,5.6693294e-05,4.6857986e-05
2018-05-01,2.058698311909233e-05,5.7967423e-05,4.5652145e-05
2018-05-02,2.090397972300683e-05,5.08862e-05,4.3602216e-05
2018-05-03,2.0476628836107855e-05,6.0177197e-05,5.0407736e-05
2018-05-04,1.1850731138627806e-05,5.254629e-05,4.319955e-05
2018-05-07,1.9204042209209453e-05,5.3007687e-05,4.4728775e-05
2018-05-08,1.484368468816693e-05,5.4343953e-05,4.7047004e-05
2018-05-09,2.1748737242727085e-05,5.1070892e-05,4.261822e-05
2018-05-10,1.596653894456556e-05,5.2895208e-05,4.2038027e-05
2018-05-11,2.3271830619287186e-05,5.6460434e-05,4.0338527e-05
2018-05-14,1.9382148175909942e-05,5.4215794e-05,4.356425e-05
2018-05-15,2.279220177034974e-05,4.630282e-05,4.5087327e-05
2018-05-16,1.7003955834779334e-05,5.4311167e-05,5.2226445e-05
2018-05-17,3.8621098472674705e-05,5.307309e-05,4.3114025e-05
2018-05-18,6.13976839015375e-06,5.927802e-05,5.4484535e-05
2018-05-21,2.2378918877249515e-05,5.434132e-05,4.83312e-05
2018-05-22,5.3853529596357193e-05,5.2866482e-05,4.2834938e-05
2018-05-23,4.788457231075904e-05,6.333264e-05,6.5643006e-05
2018-05-24,6.0372619156986766e-05,7.050297e-05,6.848933e-05
2018-05-25,6.335529606426786e-05,7.222562e-05,7.403874e-05
2018-05-28,0.0001685907521763,8.192711e-05,8.438405e-05
2018-05-29,7.559845369690493e-05,0.00013801851,0.00013155496
2018-05-30,9.615136713522568e-05,9.865557e-05,9.7374774e-05
2018-05-31,4.019470671396663e-05,9.940838e-05,9.7380485e-05
2018-06-01,3.047734505725829e-05,7.839167e-05,8.414228e-05
2018-06-04,4.715372505899126e-05,7.829185e-05,6.896243e-05
2018-06-05,4.790081853790201e-05,6.538848e-05,6.707445e-05
2018-06-06,3.620992005499165e-05,7.1750714e-05,6.466884e-05
2018-06-07,6.570822798667164e-05,6.848278e-05,5.757325e-05
2018-06-08,2.710464455527254e-05,6.629882e-05,7.273712e-05
2018-06-11,2.772117249111057e-05,6.485322e-05,6.0462266e-05
2018-06-12,2.0318813241130285e-05,6.0611223e-05,5.9077902e-05
2018-06-13,6.182920864139672e-05,5.6194367e-05,5.5129098e-05
2018-06-14,3.196456101936912e-05,5.1578223e-05,5.1520758e-05
2018-06-15,4.2267082368562594e-05,4.883029e-05,5.2164636e-05
2018-06-18,8.540712801310702e-05,6.191292e-05,6.2870866e-05
2018-06-19,3.415398686415968e-05,7.1256545e-05,7.964425e-05
2018-06-20,6.379635856675261e-05,7.245628e-05,6.904594e-05
2018-06-21,4.380722366621224e-05,8.151322e-05,9.147935e-05
2018-06-22,5.712128604802683e-05,7.5583084e-05,7.315886e-05
2018-06-25,2.524609388001636e-05,8.93529e-05,9.1604066e-05
2018-06-26,9.97961703655002e-05,8.484351e-05,8.41954e-05
2018-06-27,9.6621540203936e-05,8.248206e-05,8.8830784e-05
2018-06-28,8.17425484279104e-05,9.347369e-05,9.507151e-05
2018-06-29,9.271664843488663e-05,8.7080596e-05,8.270301e-05
2018-07-02,6.017569442802804e-05,9.0497466e-05,9.062118e-05
2018-07-03,1.2743855118066071e-05,8.053716e-05,7.838479e-05
2018-07-04,5.347247344077337e-05,7.062802e-05,7.067911e-05
2018-07-05,4.4412161121572255e-05,7.5220356e-05,6.701691e-05
2018-07-06,2.059792477144299e-05,7.3534924e-05,6.487322e-05
2018-07-09,1.997331494334959e-05,6.542327e-05,4.9313257e-05
2018-07-10,4.312884431732242e-05,5.3899363e-05,4.89846e-05
2018-07-11,2.645698791827931e-05,6.8099e-05,6.55285e-05
2018-07-12,1.9892766714051164e-05,6.362985e-05,6.172068e-05
2018-07-13,1.5097457339043082e-05,6.141835e-05,5.1717805e-05
2018-07-16,3.1790186838866345e-05,6.203442e-05,5.719062e-05
2018-07-17,1.7959402926439008e-05,5.7250705e-05,5.6834728e-05
2018-07-18,2.5901167782967565e-05,4.6810317e-05,4.5769186e-05
2018-07-19,8.474295334236997e-05,5.308305e-05,4.975865e-05
2018-07-20,2.4981560920818582e-05,7.12488e-05,6.4141896e-05
2018-07-23,3.8096240542104365e-05,6.4132255e-05,5.7636957e-05
2018-07-24,2.111429064365352e-05,5.789205e-05,5.314759e-05
2018-07-25,4.473911317557028e-05,6.160648e-05,5.640427e-05
2018-07-26,1.5388395844475768e-05,5.8383273e-05,4.7641126e-05
2018-07-27,1.2480516393254056e-05,4.6864225e-05,4.121357e-05
2018-07-30,2.8411450871044336e-05,5.623929e-05,4.2878793e-05
2018-07-31,1.989846832476955e-05,5.8175538e-05,4.6233374e-05
2018-08-01,4.470526983531928e-05,5.6508026e-05,4.6502253e-05
2018-08-02,2.3915221640144132e-05,6.257733e-05,6.298411e-05
2018-08-03,4.24710319479736e-05,5.963404e-05,5.636065e-05
2018-08-06,1.6113968642646175e-05,6.055495e-05,5.9876147e-05
2018-08-07,2.042303864764775e-05,5.9526297e-05,5.012996e-05
2018-08-08,2.598326869741113e-05,5.668393e-05,5.4269087e-05
2018-08-09,6.450009501113692e-05,5.336437e-05,4.90295e-05
2018-08-10,4.72855173476523e-05,6.65046e-05,7.379105e-05
2018-08-13,3.423579506021016e-05,7.50945e-05,7.63644e-05
2018-08-14,6.116587598196747e-05,8.346381e-05,7.471701e-05
2018-08-15,2.813489248958659e-05,8.780693e-05,0.00010130721
2018-08-16,3.564985467123056e-05,8.110067e-05,7.945844e-05
2018-08-17,2.1426640421854854e-05,7.61656e-05,7.384743e-05
2018-08-20,2.5509409182765703e-05,6.440622e-05,6.201109e-05
2018-08-21,2.1132471796903212e-05,6.439776e-05,5.7149933e-05
2018-08-22,1.9413590369869e-05,6.246235e-05,4.805807e-05
2018-08-23,2.272295092331913e-05,5.493025e-05,5.312293e-05
2018-08-24,2.1078088742082348e-05,5.642599e-05,4.857278e-05
2018-08-27,1.581163054963986e-05,5.8259393e-05,4.7627273e-05
2018-08-28,2.106949195209833e-05,5.7692443e-05,4.773937e-05
2018-08-29,3.834937287861718e-05,5.1753974e-05,5.0798455e-05
2018-08-30,4.639673910568283e-05,6.330943e-05,5.860909e-05
2018-08-31,2.1838670560808137e-05,7.053727e-05,7.281712e-05
2018-09-03,6.224183025718726e-05,6.441417e-05,6.848015e-05
2018-09-04,5.8141518707147206e-05,7.426614e-05,8.192555e-05
2018-09-05,4.137940548004408e-05,8.334487e-05,9.0078494e-05
2018-09-06,4.011035263671509e-05,8.269997e-05,8.812541e-05
2018-09-07,2.140419582091034e-05,7.485393e-05,8.320564e-05
2018-09-10,3.081332286825564e-05,6.862352e-05,7.603324e-05
2018-09-11,5.005398136260084e-05,7.177748e-05,6.9696995e-05
2018-09-12,3.996680089125834e-05,6.552988e-05,6.447105e-05
2018-09-13,2.7168070477150725e-05,6.63549e-05,6.0494167e-05
2018-09-14,3.563165758807858e-05,6.259663e-05,5.0279476e-05
2018-09-17,4.2768914470442066e-05,5.9738813e-05,5.801283e-05
2018-09-18,2.400867294310185e-05,6.666326e-05,5.6927216e-05
2018-09-19,2.4970277857025928e-05,5.6427503e-05,5.174657e-05
2018-09-20,2.7613442282669457e-05,5.6919e-05,4.637808e-05
2018-09-21,1.851653185668148e-05,5.2960248e-05,4.506136e-05
2018-09-24,3.045165422305205e-05,5.33708e-05,4.764904e-05
2018-09-25,1.545903467866862e-05,5.307397e-05,4.730206e-05
2018-09-26,3.0697864996531475e-05,4.8694943e-05,4.5833287e-05
2018-09-27,6.938917986697656e-05,5.20448e-05,5.0538976e-05
2018-09-28,2.108816152842056e-05,6.4538035e-05,6.874718e-05
2018-10-01,5.393101369943888e-05,6.0374725e-05,5.5088596e-05
2018-10-02,2.0407445591219063e-05,6.6297e-05,6.8612855e-05
2018-10-03,6.166658400771876e-05,6.209667e-05,6.091529e-05
2018-10-04,4.563254533401387e-05,7.1712406e-05,7.540323e-05
2018-10-05,3.243039069150623e-05,7.789297e-05,7.522653e-05
2018-10-08,6.429639838456768e-05,8.019664e-05,8.1162354e-05
2018-10-09,5.305892496996444e-05,7.5388656e-05,7.74697e-05
2018-10-10,0.0001609270854249,9.091185e-05,8.9598914e-05
2018-10-11,8.565187131172897e-05,0.00016362593,0.00014193269
2018-10-12,5.946673009662852e-05,0.000118076765,0.00012450598
2018-10-15,6.063785834603912e-05,9.7485354e-05,9.784638e-05
2018-10-16,7.328361136104985e-05,8.697304e-05,8.700414e-05
2018-10-17,7.419649692173826e-05,9.599251e-05,8.9397734e-05
2018-10-18,0.0001070424094839,8.23442e-05,8.684694e-05
2018-10-19,5.949854242196539e-05,9.608807e-05,9.675654e-05
2018-10-22,0.0001235748202829,9.1083886e-05,9.3459304e-05
2018-10-23,9.393705285661244e-05,0.000113283415,0.00012544676
2018-10-24,0.0001326025315549,0.00011974475,0.00014539223
2018-10-25,0.0001376122699201,0.00015119584,0.00013594623
2018-10-26,7.360899524842839e-05,0.00012752676,0.00014695409
2018-10-29,0.0001403788980636,0.00012077813,0.00012643936
2018-10-30,9.037635053317551e-05,0.0001196323,0.00012236138
2018-10-31,7.813396149530441e-05,0.00010887199,0.00010250798
2018-11-01,9.094494998742072e-05,0.00010251934,9.9703786e-05
2018-11-02,3.509766484020291e-05,0.00010549727,9.08787e-05
2018-11-05,5.680941942030495e-05,8.364524e-05,8.570254e-05
2018-11-06,2.8190841458084834e-05,9.2198665e-05,8.375999e-05
2018-11-07,3.9631276478906664e-05,7.8022036e-05,7.143531e-05
2018-11-08,5.6298661651372616e-05,8.857854e-05,7.44929e-05
2018-11-09,5.3040366540139177e-05,7.416442e-05,7.720627e-05
2018-11-12,5.3822188888552823e-05,8.481796e-05,8.530314e-05
2018-11-13,7.423578844978049e-05,9.850855e-05,8.461795e-05
2018-11-14,8.293958413395132e-05,9.338207e-05,8.973018e-05
2018-11-15,7.97205144766018e-05,0.00010202722,0.00010082318
2018-11-16,6.060212662360144e-05,9.543964e-05,9.287631e-05
2018-11-19,0.0001160203192995,9.471127e-05,8.9128574e-05
2018-11-20,6.299723391054506e-05,0.00011841155,0.00012722293
2018-11-21,4.172845063842543e-05,0.00010290582,9.793582e-05
2018-11-22,5.12806160062143e-05,0.00010719329,9.8210236e-05
2018-11-23,4.606919771496708e-05,9.180358e-05,9.327029e-05
2018-11-26,6.497881849366691e-05,8.800198e-05,7.9828686e-05
2018-11-27,3.780152682099149e-05,9.061732e-05,7.849925e-05
2018-11-28,6.116124511661004e-05,8.535494e-05,7.957737e-05
2018-11-29,3.720899969444832e-05,0.000104338025,7.348059e-05
2018-11-30,8.79459660642821e-05,8.236053e-05,7.810917e-05
2018-12-03,3.9986419763475335e-05,8.135358e-05,7.443782e-05
2018-12-04,5.646825575233456e-05,8.4881765e-05,7.2715506e-05
2018-12-05,0.0001315202913138,8.830047e-05,8.8499095e-05
2018-12-06,6.66181796563877e-05,0.00016768716,0.00016672774
2018-12-07,7.594248680380358e-05,0.0001065685,0.00010847818
2018-12-10,8.060258147861119e-05,0.00014480155,0.00015932569
2018-12-11,5.886759382112747e-05,0.00010423812,0.00011790055
2018-12-12,7.58351512678293e-05,0.000100783975,9.595271e-05
2018-12-13,6.165066226152598e-05,9.2850976e-05,8.549981e-05
2018-12-14,5.7941792723490366e-05,8.622358e-05,9.0659596e-05
2018-12-17,6.426632005105074e-05,0.00010825385,9.257806e-05
2018-12-18,3.485813627782474e-05,0.00011451516,0.0001036137
2018-12-19,4.985636778220488e-05,9.115398e-05,9.135192e-05
2018-12-20,0.0001235881827846,0.00011598837,0.00010817744
2018-12-21,9.078565633334416e-06,0.00011366194,0.00012030575
2018-12-24,0.0001151905454574,0.000108635126,0.000102252336
2018-12-27,6.423517348572342e-05,0.00019288016,0.00015355562
2018-12-28,9.096479295351226e-06,0.00011889867,0.00011647368
2018-12-31,9.024674135160696e-05,0.000103586535,0.00010155966
2019-01-02,9.286240855181469e-05,0.00010608761,0.00010755462
2019-01-03,0.0001118376860605,0.00010876832,0.00011515049
2019-01-04,5.819392829643656e-05,0.00012171066,9.91491e-05
2019-01-07,6.975375146455366e-05,0.00013313514,9.193366e-05
2019-01-08,3.609350247444854e-05,9.37553e-05,9.024181e-05
2019-01-09,5.791244687941962e-05,8.7595006e-05,7.69565e-05
2019-01-10,5.724956585174419e-05,8.539067e-05,7.032948e-05
2019-01-11,3.866999520988751e-05,8.361534e-05,7.731763e-05
2019-01-14,5.3174815212819934e-05,7.7630306e-05,7.6184435e-05
2019-01-15,3.1116683639272496e-05,7.999698e-05,7.682786e-05
2019-01-16,3.922825077947006e-05,7.051439e-05,6.9584836e-05
2019-01-17,4.4268168054641584e-05,7.002781e-05,6.88691e-05
2019-01-18,9.662628925260958e-06,6.5778775e-05,5.389884e-05
2019-01-21,3.4344311069251096e-05,6.255919e-05,5.513539e-05
2019-01-22,3.6670164064260434e-05,7.2990944e-05,6.309465e-05
2019-01-23,6.163445664816889e-05,7.9748206e-05,6.7560366e-05
2019-01-24,2.769557813759434e-05,6.8793495e-05,6.1893086e-05
2019-01-25,2.9067046572943264e-05,6.6764274e-05,5.4693588e-05
2019-01-28,2.6579407280364244e-05,7.629069e-05,6.265136e-05
2019-01-29,2.5791881525226148e-05,7.1436225e-05,5.711909e-05
2019-01-30,4.965955922450869e-05,6.763345e-05,5.7093235e-05
2019-01-31,4.255788734874155e-05,7.84165e-05,5.6838384e-05
2019-02-01,3.947784499406019e-05,6.5349705e-05,5.6379085e-05
2019-02-04,3.4882621492207316e-05,6.355903e-05,5.4355514e-05
2019-02-05,2.0758599320171876e-05,5.9132763e-05,4.989518e-05
2019-02-06,5.533154224123289e-05,5.6672405e-05,4.744745e-05
2019-02-07,4.721452871032914e-05,7.230271e-05,7.007352e-05
2019-02-08,4.377218951891841e-05,7.941236e-05,7.4004565e-05
2019-02-11,2.121369718735635e-05,6.6727276e-05,6.3231746e-05
2019-02-12,2.4806010763334132e-05,7.1640396e-05,5.570618e-05
2019-02-13,5.271925703968346e-05,6.942471e-05,5.4439828e-05
2019-02-14,4.774647886938089e-05,6.8106725e-05,6.265451e-05
2019-02-15,1.6551360809470637e-05,5.905966e-05,4.8108785e-05
2019-02-18,4.596712289721253e-05,6.8205525e-05,4.6197507e-05
2019-02-19,3.552039451806463e-05,6.593409e-05,5.8316637e-05
2019-02-20,3.642862374538398e-05,6.417672e-05,5.160953e-05
2019-02-21,2.2287371709050044e-05,6.1390536e-05,5.0655817e-05
2019-02-22,1.7804857118824647e-05,5.910286e-05,5.214799e-05
2019-02-25,2.5027036188460255e-05,6.290897e-05,5.0973904e-05
2019-02-26,1.9658544867803264e-05,5.7218844e-05,4.8976344e-05
2019-02-27,2.5869950810883093e-05,6.20792e-05,5.1076313e-05
2019-02-28,2.465252120281937e-05,5.8269296e-05,4.858886e-05
2019-03-01,1.683037695555684e-05,5.8755977e-05,4.851057e-05
2019-03-04,2.1479884698484524e-05,5.750382e-05,4.679313e-05
2019-03-05,2.4929743666341836e-05,5.6768462e-05,4.842865e-05
2019-03-06,6.8579835888437e-05,5.4652308e-05,4.719113e-05
2019-03-07,3.9225492377298376e-05,6.454133e-05,6.189046e-05
2019-03-08,1.3209883748749724e-05,6.650671e-05,6.4563246e-05
2019-03-11,2.7412296994138824e-05,6.366459e-05,5.5290166e-05
2019-03-12,1.1382154627598444e-05,7.3810836e-05,5.4818043e-05
2019-03-13,3.2397966568706057e-05,5.9540493e-05,5.177753e-05
2019-03-14,7.908968881335686e-05,5.8161975e-05,4.9322793e-05
2019-03-15,1.43916704635081e-05,6.0504193e-05,4.7552145e-05
2019-03-18,1.6640225361242885e-05,5.6192905e-05,4.0178275e-05
2019-03-19,3.2418687488309716e-05,5.1366784e-05,3.949731e-05
2019-03-20,2.829475491410323e-05,6.0909035e-05,5.276414e-05
2019-03-21,7.191682253464625e-05,6.921183e-05,5.955221e-05
2019-03-22,6.731171593114699e-05,8.431229e-05,8.557668e-05
2019-03-25,3.17752127679921e-05,0.00010185251,8.842555e-05
2019-03-26,7.068360858223108e-05,8.003963e-05,7.4208125e-05
2019-03-27,3.7495924009997e-05,7.850348e-05,7.9965524e-05
2019-03-28,4.502637309349208e-05,7.729212e-05,7.941358e-05
2019-03-29,3.295673983174253e-05,6.945091e-05,6.144399e-05
2019-04-01,1.9095613466517693e-05,6.6524364e-05,5.3818047e-05
2019-04-02,2.1102525110649955e-05,6.1949126e-05,5.4097298e-05
2019-04-03,1.375548864726347e-05,6.1128965e-05,4.6157227e-05
2019-04-04,1.323345756386428e-05,5.3690033e-05,4.4334178e-05
2019-04-05,1.498557031243572e-05,5.369602e-05,4.2068285e-05
2019-04-08,2.5507874552134706e-05,5.8830745e-05,4.9034796e-05
2019-04-09,1.6787624836057027e-05,6.250197e-05,5.2426312e-05
2019-04-10,2.5766174625765525e-05,6.139087e-05,5.5218396e-05
2019-04-11,1.9253014955851556e-05,5.429126e-05,4.9545757e-05
2019-04-12,8.756277371123967e-06,5.4948854e-05,4.4828943e-05
2019-04-15,1.0863425419678467e-05,5.1660478e-05,4.2163098e-05
2019-04-16,1.4071477778548612e-05,4.5232286e-05,4.001055e-05
2019-04-17,4.9566526584482656e-05,4.465659e-05,3.8286344e-05
2019-04-18,1.1914307536141508e-05,4.574749e-05,4.443052e-05
2019-04-23,1.903786283684967e-05,4.6462876e-05,3.8431197e-05
2019-04-24,2.312966902777343e-05,5.144329e-05,4.524032e-05
2019-04-25,2.3716128068684873e-05,5.188652e-05,4.7095757e-05
2019-04-26,1.9923701350782564e-05,5.6324345e-05,4.8500096e-05
2019-04-29,2.276721560878864e-05,5.5903998e-05,4.717813e-05
2019-04-30,2.8706385100886536e-05,5.886802e-05,4.727987e-05
2019-05-02,1.8390894878677885e-05,6.4952816e-05,5.7554793e-05
2019-05-03,8.4577133222327e-05,5.268823e-05,4.9314323e-05
2019-05-06,4.541789341435779e-05,7.884771e-05,7.173381e-05
2019-05-07,6.91574737324192e-05,8.4485146e-05,8.621807e-05
2019-05-08,5.535282989728403e-05,9.605507e-05,9.131009e-05
2019-05-09,6.121222560407997e-05,9.547176e-05,0.00010150099
2019-05-10,5.089563362713812e-05,9.208456e-05,9.5723124e-05
2019-05-13,2.8234545139387574e-05,9.3148345e-05,9.867138e-05
2019-05-14,0.0001384928371147,9.888475e-05,8.816614e-05
2019-05-15,6.760661895188069e-05,8.784972e-05,9.193063e-05
2019-05-16,6.535809479353418e-05,6.892354e-05,6.526851e-05
2019-05-17,7.551188356715517e-05,7.230359e-05,6.988836e-05
2019-05-20,3.2030438231846546e-05,8.4215564e-05,8.4124644e-05
2019-05-21,4.9046118243824594e-05,7.387814e-05,7.507768e-05
2019-05-22,7.234054454583491e-05,7.411943e-05,7.4127325e-05
2019-05-23,3.58682987478736e-05,8.8049965e-05,0.0001030873
2019-05-24,2.3038116378605617e-05,8.664129e-05,8.674358e-05
2019-05-27,6.410495835903922e-05,7.803479e-05,7.574573e-05
2019-05-28,5.040640472663504e-05,7.6009266e-05,8.058268e-05
2019-05-29,2.2704610371210136e-05,8.536154e-05,9.448719e-05
2019-05-30,8.271700175982968e-05,7.490747e-05,7.911426e-05
2019-05-31,3.648237583279401e-05,8.828345e-05,9.985813e-05
2019-06-03,6.658702700931489e-05,9.0907946e-05,9.245084e-05
2019-06-04,6.155239819307667e-05,8.1010534e-05,8.202915e-05
2019-06-05,7.719422354660281e-05,9.36945e-05,7.844705e-05
2019-06-06,5.9501610191863785e-05,7.707364e-05,7.772348e-05
2019-06-07,9.85571646474918e-06,6.841462e-05,6.480983e-05
2019-06-10,2.413379950934612e-05,6.897926e-05,5.711197e-05
2019-06-11,2.9753493563199156e-05,6.549943e-05,5.97923e-05
2019-06-12,3.0321836206763605e-05,6.555625e-05,6.237191e-05
2019-06-13,3.28935576358294e-05,5.819783e-05,5.7495887e-05
2019-06-14,2.0005047522579593e-05,6.26856e-05,6.2560226e-05
2019-06-17,6.658731734740918e-05,5.947749e-05,6.1783016e-05
2019-06-18,1.6169881623713196e-05,5.707347e-05,5.9357764e-05
2019-06-19,2.2828427447114327e-05,6.510273e-05,5.1020244e-05
2019-06-20,4.368306767028978e-05,5.929907e-05,4.5311983e-05
2019-06-21,2.16992438990601e-05,5.877993e-05,5.1961473e-05
2019-06-24,1.929435619767924e-05,6.2873245e-05,5.2006224e-05
2019-06-25,2.8762764156942347e-05,5.8958096e-05,5.6885834e-05
2019-06-26,3.070423553742137e-05,6.361979e-05,6.17708e-05
2019-06-27,1.9700994280926104e-05,6.669881e-05,6.098896e-05
2019-06-28,5.6492036962092215e-05,5.7653495e-05,5.1104988e-05
2019-07-01,1.0701652839196905e-05,6.3717394e-05,5.209083e-05
2019-07-02,1.661558806934918e-05,4.888288e-05,4.2580476e-05
2019-07-03,6.471097399942478e-06,4.471121e-05,3.5490484e-05
2019-07-04,3.066427338975929e-05,4.49413e-05,3.5370682e-05
2019-07-05,1.5843903751909745e-05,5.1782736e-05,4.5334968e-05
2019-07-08,3.874680398499274e-05,4.8539085e-05,4.5708734e-05
2019-07-09,2.654381488193057e-05,5.7124395e-05,5.362538e-05
2019-07-10,3.0325657844743145e-05,5.5574725e-05,5.2894065e-05
2019-07-11,1.5366114481565624e-05,5.977491e-05,5.342794e-05
2019-07-12,3.487055334356148e-05,5.2677402e-05,5.219766e-05
2019-07-15,2.2141795914262754e-05,5.676102e-05,5.332206e-05
2019-07-16,2.850457089408098e-05,4.9395734e-05,4.9170805e-05
2019-07-17,5.3154544929768335e-05,5.5777615e-05,5.392928e-05
2019-07-18,4.122002589533564e-05,6.558058e-05,6.4761916e-05
2019-07-19,2.3190767712812087e-05,6.885118e-05,6.1126004e-05
2019-07-22,2.8216646885662904e-05,5.962023e-05,6.0090602e-05
2019-07-23,1.842976633435649e-05,5.4959368e-05,5.3039686e-05
2019-07-24,9.800571588979273e-05,5.3785116e-05,5.0808787e-05
2019-07-25,3.177155342633825e-05,6.4294465e-05,6.460756e-05
2019-07-26,1.6391476270979397e-05,5.7374484e-05,5.341095e-05
2019-07-29,5.38044688996876e-05,5.296155e-05,5.0555107e-05
2019-07-30,2.068970691902995e-05,7.200691e-05,7.290764e-05
2019-07-31,6.987735305893216e-05,6.418102e-05,6.879151e-05
2019-08-01,0.0001779529694843,6.666283e-05,7.422261e-05
2019-08-02,0.0001082036318874,0.000113080634,0.00012137268
2019-08-05,8.029823830729238e-05,0.00013096968,0.00015091847
2019-08-06,8.72876143609314e-05,0.00016197855,0.00015728507
2019-08-07,5.832174431775471e-05,0.00011726999,0.00013965806
2019-08-08,5.7709440059693125e-05,9.233136e-05,0.00010520006
2019-08-09,7.438800600069474e-05,0.000101531754,9.9923775e-05
2019-08-12,0.0001403812634415,9.342743e-05,9.730129e-05
2019-08-13,9.063983562710418e-05,9.9473684e-05,9.924825e-05
2019-08-14,0.0002435290834166,0.00011537393,0.000121351426
2019-08-15,8.010282484345801e-05,0.00017334199,0.00017314804
2019-08-16,5.458708075363585e-05,9.820576e-05,0.00011169517
2019-08-19,4.811111255230525e-05,9.712222e-05,9.531155e-05
2019-08-20,3.646168484205733e-05,9.3984854e-05,9.884676e-05
2019-08-21,6.002314389573622e-05,7.895806e-05,7.784138e-05
2019-08-22,0.0001684427669987,8.316903e-05,8.479292e-05
2019-08-23,8.09318357897767e-05,0.00010665128,0.00011632984
2019-08-26,3.387463757164645e-05,0.00012835982,0.00012121482
2019-08-27,7.071906281683818e-05,9.432549e-05,9.484656e-05
2019-08-28,6.151419055974455e-05,9.351027e-05,0.00010228567
2019-08-29,2.5539710316983713e-05,8.452681e-05,8.784845e-05
2019-08-30,1.6796828880218846e-05,8.23317e-05,7.6913726e-05
2019-09-02,6.202987629627683e-05,7.794436e-05,7.699807e-05
2019-09-03,1.846524579607153e-05,8.4019266e-05,8.3038714e-05
2019-09-04,2.2032479547752607e-05,7.6017335e-05,6.2066734e-05
2019-09-05,2.7903313299132985e-05,7.778719e-05,5.5139495e-05
2019-09-06,1.0737491252976177e-05,6.858752e-05,5.8133213e-05
2019-09-09,2.4136216374227604e-05,6.317593e-05,5.471785e-05
2019-09-10,1.6367029421353128e-05,6.531296e-05,5.5200082e-05
2019-09-11,0.0001077015631318,6.6906374e-05,5.8047135e-05
2019-09-12,1.7102656123803756e-05,7.4839154e-05,6.8929665e-05
2019-09-13,2.422039638586651e-05,6.8409594e-05,4.5943663e-05
2019-09-16,2.6024420965200117e-05,6.0162907e-05,5.3365155e-05
2019-09-17,1.318841567853596e-05,7.151049e-05,6.4836306e-05
2019-09-18,1.851519124939383e-05,6.8352485e-05,6.0918952e-05
2019-09-19,2.6014952067200913e-05,6.4158274e-05,5.5110344e-05
2019-09-20,2.829007768067662e-05,5.9190235e-05,5.4749176e-05
2019-09-23,1.1943979197349776e-05,6.774803e-05,6.334047e-05
2019-09-24,4.3108518272871066e-05,6.907185e-05,5.988475e-05
2019-09-25,2.6800273858609927e-05,8.067386e-05,7.525403e-05
2019-09-26,1.916444836209142e-05,7.247942e-05,6.815408e-05
2019-09-27,1.942044514637217e-05,6.9486814e-05,6.4630694e-05
2019-09-30,5.1899704795758585e-05,6.7019435e-05,6.255693e-05
2019-10-01,6.429423697558955e-05,8.155272e-05,7.440494e-05
2019-10-02,6.47422998644809e-05,0.00010780641,0.00010297642
2019-10-03,6.444874701053227e-05,0.000113377,0.000105004015
2019-10-04,3.874740893042438e-05,9.34775e-05,9.235374e-05
2019-10-07,6.028364927697208e-05,9.129334e-05,8.903712e-05
2019-10-08,7.117779266487551e-05,9.773683e-05,9.848042e-05
2019-10-09,6.185751039829474e-05,9.4090705e-05,8.7992856e-05
2019-10-10,4.669219750494701e-05,8.5432184e-05,7.597175e-05
2019-10-11,3.4241259461403344e-05,7.3160794e-05,6.117396e-05
2019-10-14,5.167504068409298e-05,7.3333475e-05,6.723794e-05
2019-10-15,4.473127055768509e-05,6.745149e-05,5.5248143e-05
2019-10-16,6.467363885069948e-05,6.9577356e-05,5.4281194e-05
2019-10-17,4.548050943092902e-05,7.238832e-05,6.136234e-05
2019-10-18,2.520376816944201e-05,7.277525e-05,6.781596e-05
2019-10-21,2.4626218249830464e-05,6.884208e-05,6.236733e-05
2019-10-22,3.276505804549413e-05,6.20384e-05,6.216169e-05
2019-10-23,3.647755264556839e-05,6.3059255e-05,6.0728857e-05
2019-10-24,1.9027757797313577e-05,6.028443e-05,5.540014e-05
2019-10-25,1.2349754682227782e-05,5.4768818e-05,5.0461305e-05
2019-10-28,1.802964999350898e-05,5.779825e-05,5.3502514e-05
2019-10-29,2.4424669660609637e-05,6.125694e-05,5.4869644e-05
2019-10-30,4.998666792806159e-05,6.164804e-05,5.8539816e-05
2019-10-31,1.761958386037068e-05,6.803722e-05,6.1486804e-05
2019-11-01,2.2759229351593967e-05,5.5368735e-05,5.103139e-05
2019-11-04,1.267964960524409e-05,5.709537e-05,4.457969e-05
2019-11-05,1.3797418407884796e-05,5.7063604e-05,4.483419e-05
2019-11-06,1.5069932157846586e-05,5.341237e-05,4.5369896e-05
2019-11-07,2.09187372841891e-05,5.069241e-05,3.910745e-05
2019-11-08,1.0891900059474085e-05,5.176875e-05,4.3290587e-05
2019-11-11,1.1761520296225073e-05,5.3104508e-05,4.4517215e-05
2019-11-12,2.4478309930169055e-05,5.260307e-05,4.51986e-05
2019-11-13,1.9730245317697003e-05,5.3401134e-05,4.931781e-05
2019-11-14,1.7039857845281122e-05,5.2586656e-05,5.1251252e-05
2019-11-15,3.0605613162451906e-05,5.1193027e-05,4.3229487e-05
2019-11-18,2.3129416048213782e-05,5.6479344e-05,4.9368195e-05
2019-11-19,2.586752257296715e-05,5.483981e-05,5.1760075e-05
2019-11-20,2.9691436098375264e-05,5.346026e-05,5.280435e-05
2019-11-21,3.29350158470932e-05,5.8743542e-05,5.4135588e-05
2019-11-22,1.1187457390874033e-05,5.8241618e-05,5.805919e-05
2019-11-25,1.0587962769643726e-05,5.1505616e-05,4.9219798e-05
2019-11-26,1.331138702288376e-05,5.2711075e-05,4.6611593e-05
2019-11-27,6.8720428087898784e-06,5.0325594e-05,4.6576613e-05
2019-11-28,1.512548809186966e-05,5.188954e-05,4.7957175e-05
2019-11-29,6.489148301332935e-05,5.2821793e-05,4.95466e-05
2019-12-02,7.517692942391974e-05,8.065033e-05,7.584159e-05
2019-12-03,4.0108559944229224e-05,8.67609e-05,8.537843e-05
2019-12-04,3.104776039861834e-05,7.027586e-05,7.064313e-05
2019-12-05,2.2092437483910143e-05,7.228643e-05,7.040993e-05
2019-12-06,1.333742408169123e-05,6.235553e-05,6.223738e-05
2019-12-09,5.830153351288476e-05,6.323192e-05,5.97964e-05
2019-12-10,3.1101396503039e-05,6.6462446e-05,6.409416e-05
2019-12-11,7.060194728010338e-05,6.571007e-05,6.386688e-05
2019-12-12,8.99589938545273e-05,6.9003305e-05,6.2959734e-05
2019-12-13,1.581209230004472e-05,7.703654e-05,6.308075e-05
2019-12-16,1.9310785777451793e-05,4.6208435e-05,4.4772394e-05
2019-12-17,1.9276554587627967e-05,5.2931493e-05,4.7490637e-05
2019-12-18,2.3989003514333508e-05,4.7382448e-05,4.92359e-05
2019-12-19,4.778463391098426e-05,5.186307e-05,5.0731098e-05
2019-12-20,8.600511752227934e-06,4.8486967e-05,4.7419835e-05
2019-12-23,9.371164279683508e-07,4.8622293e-05,4.712228e-05
2019-12-24,1.3559224717242353e-05,4.5685163e-05,4.149341e-05
2019-12-27,1.4503607238915037e-05,5.2790092e-05,4.4526045e-05
2019-12-30,2.8666726689026114e-06,5.9132668e-05,5.4135755e-05
2019-12-31,2.6304955688416927e-05,6.132873e-05,5.5272067e-05
2020-01-02,3.7731523738009594e-05,5.1374278e-05,5.0018676e-05
2020-01-03,3.734573614485357e-05,5.897609e-05,5.79716e-05
2020-01-06,4.451796377836771e-05,7.181687e-05,6.4335945e-05
2020-01-07,5.462644184308214e-05,6.780488e-05,5.945841e-05
2020-01-08,1.8764834139755883e-05,6.2361156e-05,6.307561e-05
2020-01-09,2.101747502816391e-05,6.5960456e-05,5.375733e-05
2020-01-10,2.465131523265454e-05,5.3856216e-05,5.029376e-05
2020-01-13,5.147667943528555e-05,5.8555357e-05,5.3109852e-05
2020-01-14,2.2107858169170563e-05,5.8472084e-05,5.4307922e-05
2020-01-15,2.7676404513672427e-05,5.4094424e-05,5.175053e-05
2020-01-16,1.5898814432785063e-05,4.9717673e-05,4.809531e-05
2020-01-17,6.589366192738649e-06,4.4802808e-05,4.479712e-05
2020-01-20,2.7437240411978555e-05,4.6048823e-05,4.4325825e-05
2020-01-21,2.8066759104303463e-05,5.1768635e-05,4.894146e-05
2020-01-22,3.776056127369833e-05,5.4306707e-05,5.3607346e-05
2020-01-23,3.413859392473509e-05,5.9106293e-05,6.0933857e-05
2020-01-24,7.210652957933079e-05,5.516722e-05,6.0070906e-05
2020-01-27,4.107816880244143e-05,8.821834e-05,9.2509e-05
2020-01-28,3.0705357927332126e-05,7.849267e-05,7.843507e-05
2020-01-29,7.574864298807662e-05,6.87402e-05,6.759877e-05
2020-01-30,4.8696400190136965e-05,8.2485356e-05,8.5002364e-05
2020-01-31,3.919411702547708e-05,8.6743785e-05,8.961247e-05
2020-02-03,2.5339825540427423e-05,8.897495e-05,8.5816115e-05
2020-02-04,5.823843196218155e-05,6.4825996e-05,6.4748274e-05
2020-02-05,3.121937289586546e-05,6.865513e-05,6.1722065e-05
2020-02-06,3.182427589187743e-05,6.490885e-05,5.014431e-05
2020-02-07,2.0608985996275705e-05,5.2251948e-05,4.9284667e-05
2020-02-10,1.5425609017877018e-05,5.5530647e-05,5.2452164e-05
2020-02-11,1.3263109280660538e-05,4.9944225e-05,4.787216e-05
2020-02-12,5.3064604912612086e-05,5.1076866e-05,4.4065615e-05
2020-02-13,1.6798122523827934e-05,5.6550874e-05,5.6699188e-05
2020-02-14,8.260627610891633e-06,5.1792093e-05,5.0651513e-05
2020-02-17,3.0190262020735516e-05,5.0907176e-05,4.7714897e-05
2020-02-18,1.288538022299146e-05,5.9193153e-05,6.0083512e-05
2020-02-19,1.962931315710598e-05,5.439463e-05,5.1081493e-05
2020-02-20,7.069330705685106e-05,6.03222e-05,5.8094756e-05
2020-02-21,0.0001588032609718,7.609593e-05,7.648009e-05
2020-02-24,0.000154750672616,0.00015278788,0.00015328344
2020-02-25,0.0002524076143831,0.0002520861,0.00020399615
2020-02-26,0.0004640228130729,0.00031029887,0.00021820662
2020-02-27,0.0007669231373136,0.00044737977,0.00038035488
2020-02-28,0.000665096874202,0.0006529289,0.00060914597
2020-03-02,0.0005863256299242,0.0005084821,0.000485795
2020-03-03,0.0002117273702151,0.00038999156,0.00036208163
2020-03-04,0.0002063039901705,0.00037771772,0.00033079964
2020-03-05,0.0004050635458039,0.00027744457,0.00027401082
2020-03-06,0.0021677936385876,0.00038160058,0.0004030027
2020-03-09,0.0009131412048718,0.0010752713,0.00090254983
2020-03-10,0.0006443454313405,0.0009276514,0.00095278735
2020-03-11,0.002756419239668,0.00085976144,0.000867556
2020-03-12,0.002268286018116,0.0018864202,0.0018987779
2020-03-13,0.0035648873843471,0.0015326513,0.0014278233
2020-03-16,0.0030893622285972,0.001843116,0.0016349752
2020-03-17,0.0017333063087329,0.0013751644,0.0015882496
2020-03-18,0.0012374873196752,0.0017847414,0.0018264182
2020-03-19,0.0021093735407589,0.001426782,0.0015754495
2020-03-20,0.0021566858480893,0.0014854312,0.0014064685
2020-03-23,0.0012357536337534,0.0013029894,0.0012535544
2020-03-24,0.0012210969605034,0.00049932976,0.00075349316
2020-03-25,0.000740518117549,0.0005605308,0.0005787949
2020-03-26,0.0005172413785716,0.0004558194,0.00061984436
2020-03-27,0.0005684521435554,0.00047542783,0.00062753103
2020-03-30,0.000518213899179,0.00042761402,0.0005948971
2020-03-31,0.000529188515829,0.00041179184,0.0006002469
2020-04-01,0.000505837573323,0.00033496728,0.0006052155
2020-04-02,0.0002451654788126,0.000495803,0.0005788558
2020-04-03,0.0003458046545987,0.00015907592,0.00047543793
2020-04-06,0.0005350010649439,0.00029742485,0.00046210014
2020-04-07,0.0002092364198249,0.00040750534,0.00042434208
2020-04-08,0.0003542367347617,0.00014870377,0.00031709066
2020-04-09,0.0001681746781709,0.00034356484,0.00037920385
2020-04-14,0.0002472756209061,0.00015739164,0.0002693857
2020-04-15,0.0001891114486832,0.0002469545,0.00035242498
2020-04-16,0.0002279541838671,0.00015987911,0.0003124854
2020-04-17,0.0001670361401339,0.00028564112,0.00025117275
2020-04-20,0.000207720779201,0.00020822586,0.00024251387
2020-04-21,0.0001185596144874,0.00017613637,0.00036982662
2020-04-22,0.0001336593642161,0.00027706788,0.00020876745
2020-04-23,0.0001174669214009,0.00024583156,0.00021104216
2020-04-24,7.340554011693785e-05,0.00016434277,0.000207702
2020-04-27,0.0001285046279008,0.0002420377,0.00019375797
2020-04-28,0.0001802612760217,0.0001563759,0.00016187494
2020-04-29,0.0003133665119304,0.00014744501,0.00015014473
2020-04-30,0.0002336097106983,0.0002465123,0.00019173017
2020-05-04,0.0002798243126176,0.00026255214,0.0002218053
2020-05-05,0.0001322970524265,0.00015942632,0.00019687667
2020-05-06,7.773781985391135e-05,0.00016415527,0.00021076431
2020-05-07,8.409527837052403e-05,0.00015782066,0.00019117499
2020-05-08,0.0001094195494981,0.00016908663,0.00015212838
2020-05-11,8.76269163443196e-05,0.00015658453,0.00015232457
2020-05-12,0.0001881702102177,0.00013607784,0.00013998328
2020-05-13,0.0002539112625308,0.00017884363,0.00019154444
2020-05-14,0.0002465318157084,0.0002493303,0.0002706459
2020-05-15,0.0001310733869132,0.00025081588,0.0002511719
2020-05-18,0.0001792614560501,0.00015260109,0.00015241178
2020-05-19,0.0001295445777344,0.00023658866,0.00016796842
2020-05-20,0.0001487449449364,0.00015310284,0.0001505296
2020-05-21,0.0001399302632791,0.0001654086,0.00015743413
2020-05-22,7.982986376635419e-05,0.00015205509,0.00015501223
2020-05-25,7.728922769422248e-05,0.00015184877,0.00014658287
2020-05-26,0.0001758733465023,0.0001469847,0.00013206493
2020-05-27,0.0001035903909705,0.0001579892,0.00014514834
2020-05-28,0.0002052050968285,0.0001503862,0.00012241314
2020-05-29,4.261010903932702e-05,0.00016514552,0.00015120229
2020-06-01,0.0001061076723201,0.00013748973,0.00013846345
2020-06-02,9.9583274862343e-05,0.00015190344,0.00013898461
2020-06-03,0.0002281986066873,0.00014275718,0.000115621646
2020-06-04,0.0001839396830614,0.00015457899,0.0001302499
2020-06-05,0.0001695394911829,0.00013925266,0.00010572127
2020-06-08,0.0001967057312785,0.00015830374,0.00011558151
2020-06-09,0.0001607276222256,0.00015906441,0.0001370018
2020-06-10,0.0002965658620165,0.00016723856,0.00015148523
2020-06-11,0.0003537097800413,0.00022621182,0.00023123734
2020-06-12,0.0003471393295003,0.00017466032,0.00027331963
2020-06-15,0.0002763262764172,0.00017594143,0.00023399814
2020-06-16,0.0001867264157019,0.00024715366,0.00019710041
2020-06-17,0.0002083743122184,0.00018858213,0.00019983412
2020-06-18,8.477911814886435e-05,0.00023068124,0.00019073609
2020-06-19,0.0001230425721441,0.0001623877,0.00015392769
2020-06-22,0.0001373595113734,0.00016687509,0.00016477582
2020-06-23,0.0001644195382072,0.00016672573,0.00014870681
2020-06-24,0.0002646422478169,0.00023919088,0.00020442565
2020-06-25,0.0001248477938647,0.00023163167,0.00020567016
2020-06-26,0.0001871217423095,0.00023622335,0.00019385575
2020-06-29,9.793884588578e-05,0.0002485487,0.00019642423
2020-06-30,0.0001957664157848,0.00016710865,0.00016865483
2020-07-01,0.0001496077754638,0.00016457481,0.00016674257
2020-07-02,8.00519127964446e-05,0.00014902737,0.00014469869
2020-07-03,7.838751543085157e-05,0.00013971742,0.00014692408
2020-07-06,8.471520798607626e-05,0.00014527196,0.00013053417
2020-07-07,9.721216098286166e-05,0.00014046363,0.00014378391
2020-07-08,0.0001074019528975,0.0001475657,0.00015393579
2020-07-09,0.0001252851164077,0.00015864373,0.00016677291
2020-07-10,7.735138684650439e-05,0.00014126838,0.00015286359
2020-07-13,0.0001465070219661,0.00014735361,0.00013497796
2020-07-14,8.929426055769147e-05,0.00015461136,0.00015186954
2020-07-15,7.63490726105897e-05,0.00014401316,0.00012070383
2020-07-16,4.795274288832856e-05,0.0001265529,0.00012721225
2020-07-17,0.0001068353701946,0.00011941971,0.00011280096
2020-07-20,6.025326653926004e-05,0.00012170358,0.00011690563
2020-07-21,7.69546002029373e-05,0.00011075749,0.00010015301
2020-07-22,6.016683421616525e-05,0.00012400359,0.0001132367
2020-07-23,7.19754663368043e-05,0.00011221765,0.00010941022
2020-07-24,7.155990627595705e-05,0.0001322228,0.00012610637
2020-07-27,7.09906978712933e-05,0.00013171759,0.00012171866
2020-07-28,3.197584652476292e-05,0.00011934862,0.00012096213
2020-07-29,0.0001736545583567,0.000114616414,0.00011186998
2020-07-30,0.0001426676280634,0.00015437075,0.00016793335
2020-07-31,0.0001194847533159,0.00014919916,0.00015233507
2020-08-03,0.0001471680492687,0.00013473583,0.00014162116
2020-08-04,6.576335654360932e-05,0.00014137523,0.00014099583
2020-08-05,0.0001483562636315,0.0001233423,0.0001239044
2020-08-06,0.0001033662135713,0.00012856434,0.00013221269
